Domain,Sequencing Status,Study Name,Genome Name / Sample Name,Sequencing Center,IMG Genome ID (IMG Taxon ID),Phylum,Class,Order,Family,Genus,Species,IMG Release/Pipeline Version,IMG Submission ID,GOLD Analysis Project ID,GOLD Sequencing Project ID,GOLD Study ID,Add Date,Comments,Funding Agency,High Quality,Has Coverage,Is Public,NCBI Taxon ID,NCBI Project ID,RefSeq Project ID,Release Date,Strain,Genome Size <br> * assembled,Gene Count <br> * assembled,,,,
Bacteria,Finished,Corynebacterium diphtheriae gravis NCTC 13129,Corynebacterium diphtheriae bv. Gravis,Wellcome Trust Sanger Institute,637000082,Actinobacteria,Actinomycetia,Corynebacteriales,Corynebacteriaceae,Corynebacterium,Corynebacterium diphtheriae,IMG/W 2.0,,Ga0028422,Gp0000605,Gs0004789,2006-10-02,Genome replaced by a new version processed using IMG's annotation pipelines. New IMG identifier: 2623620689,Beowulf Genomics,Yes,No,Yes,257309,87,57691,2006-12-01,NCTC 13129,2488635,2395,,,,
Bacteria,Finished,Corynebacterium jeikeium K411,Corynebacterium jeikeium K411,Bielefeld University, J. Craig Venter Institute (JCVI),637000085,Actinobacteria,Actinomycetia,Corynebacteriales,Corynebacteriaceae,Corynebacterium,Corynebacterium jeikeium,IMG/W 2.0,,Ga0028433,Gp0000477,Gs0004819,2006-10-02,Genome replaced by a new version processed using IMG's annotation pipelines. New IMG identifier: 2623620807,Bielefeld Univ,Yes,No,Yes,306537,13967,58399,2006-12-01,K411,2476822,2186,,,
Bacteria,Finished,Corynebacterium glutamicum Kalinowski ATCC 13032,Corynebacterium glutamicum Kalinowski ATCC 13032,ANRT, Bielefeld University,639279306,Actinobacteria,Actinomycetia,Corynebacteriales,Corynebacteriaceae,Corynebacterium,Corynebacterium glutamicum,IMG/W 2.0,,Ga0028429,Gp0000615,Gs0004802,2006-10-13,Genome replaced by a new version processed using IMG's annotation pipelines. New IMG identifier: 2623620916,BMBF,Yes,No,Yes,1718,13760,61611,2006-12-01,ATCC 13032,3282708,3154,,,
Bacteria,Finished,Corynebacterium glutamicum Nakagawa ATCC 13032,Corynebacterium glutamicum Nakagawa ATCC 13032,ANRT, Kitasato University,639279307,Actinobacteria,Actinomycetia,Corynebacteriales,Corynebacteriaceae,Corynebacterium,Corynebacterium glutamicum,IMG/W 2.0,,Ga0028430,Gp0000740,Gs0004804,2006-10-13,Genome replaced by a new version processed using IMG's annotation pipelines. New IMG identifier: 2623620917,Kyowa Hakko Co,Yes,No,Yes,1718,307,57905,2006-12-01,ATCC 13032,3309401,3032,,,
Bacteria,Finished,Corynebacterium glutamicum R,Corynebacterium glutamicum R,ANRT,640427110,Actinobacteria,Actinomycetia,Corynebacteriales,Corynebacteriaceae,Corynebacterium,Corynebacterium glutamicum,IMG/W 2.3,,Ga0028431,Gp0000177,Gs0004805,2007-06-28,Genome replaced by a new version processed using IMG's annotation pipelines. New IMG identifier: 2623620215,,Yes,No,Yes,340322,19193,58897,2007-09-01,R,3363299,3174,,,,
Bacteria,Finished,Corynebacterium urealyticum DSM 7109,Corynebacterium urealyticum DSM 7109,Bielefeld University,641522620,Actinobacteria,Actinomycetia,Corynebacteriales,Corynebacteriaceae,Corynebacterium,Corynebacterium urealyticum,IMG/W 2.6,,Ga0028447,Gp0001357,Gs0004860,2008-05-30,,,Yes,No,Yes,504474,29211,61639,2008-08-01,DSM 7109,2369219,2084,,,,
Bacteria,Finished,Corynebacterium aurimucosum CN-1, ATCC 700975,Corynebacterium aurimucosum CN-1, ATCC 700975,Bielefeld University,643692018,Actinobacteria,Actinomycetia,Corynebacteriales,Corynebacteriaceae,Corynebacterium,Corynebacterium aurimucosum,IMG/W 2.9,,Ga0028419,Gp0004919,Gs0004776,2009-06-09,,,Yes,No,Yes,548476,37279,59409,2009-08-01,CN-1,2819226,2617,,
Bacteria,Finished,Corynebacterium kroppenstedtii DSM 44385,Corynebacterium kroppenstedtii DSM 44385,Bielefeld University,643692019,Actinobacteria,Actinomycetia,Corynebacteriales,Corynebacteriaceae,Corynebacterium,Corynebacterium kroppenstedtii,IMG/W 2.9,,Ga0028434,Gp0000013,Gs0004820,2009-06-09,,,Yes,No,Yes,645127,38011,59411,2009-08-01,DSM 44385,2446804,2073,,,,
Bacteria,Finished,Corynebacterium efficiens YS-314,Corynebacterium efficiens YS-314, DSM 44549,Ajinomoto Co., Inc, National Institute of Technology and Evaluation,644736345,Actinobacteria,Actinomycetia,Corynebacteriales,Corynebacteriaceae,Corynebacterium,Corynebacterium efficiens,IMG/W 3.0,,Ga0028423,Gp0000636,Gs0004792,2009-10-13,,,Yes,No,Yes,196164,305,62905,2009-12-01,YS-314T,3219505,3064,
Bacteria,Finished,Corynebacterium pseudotuberculosis FRC41,Corynebacterium pseudotuberculosis FRC41,Bielefeld University,648028019,Actinobacteria,Actinomycetia,Corynebacteriales,Corynebacteriaceae,Corynebacterium,Corynebacterium pseudotuberculosis,IMG/W 3.3,,Ga0028440,Gp0008278,Gs0004839,2010-10-29,,,Yes,No,Yes,765874,48979,50585,2011-01-01,FRC41,2337913,2171,,,,
Bacteria,Finished,Corynebacterium pseudotuberculosis 1002,Corynebacterium pseudotuberculosis sv. Ovis 1002,Federal University of Minas Gerais,648231702,Actinobacteria,Actinomycetia,Corynebacteriales,Corynebacteriaceae,Corynebacterium,Corynebacterium pseudotuberculosis,IMG/W 3.3,,Ga0028438,Gp0001354,Gs0004829,2010-10-29,,,Yes,No,Yes,679896,40687,159677,2011-01-01,1002,2335112,2117,,,,
Bacteria,Finished,Corynebacterium pseudotuberculosis C231,Corynebacterium pseudotuberculosis C231,Federal University of Minas Gerais,648231703,Actinobacteria,Actinomycetia,Corynebacteriales,Corynebacteriaceae,Corynebacterium,Corynebacterium pseudotuberculosis,IMG/W 3.3,,Ga0028439,Gp0001867,Gs0004836,2010-10-29,,,Yes,No,Yes,681645,40875,159675,2011-01-01,C231,2328208,2113,,,,
Bacteria,Finished,Genome Sequencing of Corynebacterium pseudotuberculosis - Rede Paraense de Genomica e Proteomica, Brazil,Corynebacterium pseudotuberculosis I19,Federal University of Para,650377927,Actinobacteria,Actinomycetia,Corynebacteriales,Corynebacteriaceae,Corynebacterium,Corynebacterium pseudotuberculosis,IMG/W 3.4,,Ga0028441,Gp0008570,Gs0004828,2011-03-26,,,Yes,No,Yes,889513,52845,159673,2011-07-01,I19,2337730,2127,,,
Bacteria,Finished,Corynebacterium resistens DSM 45100,Corynebacterium resistens DSM 45100,Bielefeld University,650716029,Actinobacteria,Actinomycetia,Corynebacteriales,Corynebacteriaceae,Corynebacterium,Corynebacterium resistens,IMG/W 3.5,,Ga0028442,Gp0003835,Gs0004843,2011-08-22,,,Yes,No,Yes,662755,39683,50555,2011-12-01,DSM 45100,2601311,2230,,,,
Bacteria,Finished,Corynebacterium ulcerans BR-AD22,Corynebacterium ulcerans BR-AD22,Bielefeld University,650716030,Actinobacteria,Actinomycetia,Corynebacteriales,Corynebacteriaceae,Corynebacterium,Corynebacterium ulcerans,IMG/W 3.5,,Ga0028446,Gp0009573,Gs0004857,2011-08-22,,,Yes,No,Yes,945712,61803,68291,2011-12-01,BR-AD22,2606374,2398,,,,
Bacteria,Finished,Corynebacterium ulcerans 809,Corynebacterium ulcerans 809,Bielefeld University,651053019,Actinobacteria,Actinomycetia,Corynebacteriales,Corynebacteriaceae,Corynebacterium,Corynebacterium ulcerans,IMG/W 3.5,,Ga0028445,Gp0009572,Gs0004856,2011-08-22,,,Yes,No,Yes,945711,61801,159659,2011-12-01,809,2502095,2244,,,,
Bacteria,Finished,Pan-genomics of Corynebacterium diphtheriae,Corynebacterium diphtheriae HC03,Bielefeld University,2511231059,Actinobacteria,Actinomycetia,Corynebacteriales,Corynebacteriaceae,Corynebacterium,Corynebacterium diphtheriae,,7337,Ga0009347,Gp0006697,Gs0019311,2012-02-28,,,Yes,No,Yes,698969,42415,84299,2012-02-28,HC03,2478364,2327,,,,
Bacteria,Finished,Genome Sequencing of Corynebacterium pseudotuberculosis - Rede Paraense de Genomica e Proteomica, Brazil,Corynebacterium pseudotuberculosis sv. Ovis 3/99-5,Rede Paraense de Genomica e Proteomica,2511231067,Actinobacteria,Actinomycetia,Corynebacteriales,Corynebacteriaceae,Corynebacterium,Corynebacterium pseudotuberculosis,,7345,Ga0009355,Gp0008504,Gs0004828,2012-02-28,,,Yes,No,Yes,1087452,73231,83609,2012-02-28,3/99-5,2337938,2203,,,
Bacteria,Finished,Pan-genomics of Corynebacterium diphtheriae,Corynebacterium diphtheriae 31A,Bielefeld University,2511231075,Actinobacteria,Actinomycetia,Corynebacteriales,Corynebacteriaceae,Corynebacterium,Corynebacterium diphtheriae,,7353,Ga0009323,Gp0006504,Gs0019311,2012-02-28,,,Yes,No,Yes,698962,42399,84309,2012-02-28,31A,2535346,2447,,,,
Bacteria,Finished,Pan-genomics of Corynebacterium diphtheriae,Corynebacterium diphtheriae HC01,Bielefeld University,2511231083,Actinobacteria,Actinomycetia,Corynebacteriales,Corynebacteriaceae,Corynebacterium,Corynebacterium diphtheriae,,7361,Ga0009368,Gp0006441,Gs0019311,2012-02-28,,,Yes,No,Yes,698967,42409,84297,2012-02-28,HC01,2427149,2316,,,,
Bacteria,Finished,Pan-genomics of Corynebacterium diphtheriae,Corynebacterium diphtheriae HC04,Bielefeld University,2511231084,Actinobacteria,Actinomycetia,Corynebacteriales,Corynebacteriaceae,Corynebacterium,Corynebacterium diphtheriae,,7362,Ga0009369,Gp0006502,Gs0019311,2012-02-28,,,Yes,No,Yes,698970,42417,84301,2012-02-28,HC04,2484332,2341,,,,
Bacteria,Finished,Pan-genomics of Corynebacterium diphtheriae,Corynebacterium diphtheriae INCA 402,Bielefeld University,2511231088,Actinobacteria,Actinomycetia,Corynebacteriales,Corynebacteriaceae,Corynebacterium,Corynebacterium diphtheriae,,7366,Ga0009373,Gp0006440,Gs0019311,2012-02-28,,,Yes,No,Yes,698972,42419,83605,2012-02-28,INCA 402,2449071,2279,,,,
Bacteria,Finished,Pan-genomics of Corynebacterium diphtheriae,Corynebacterium diphtheriae C7 (beta),Bielefeld University,2511231089,Actinobacteria,Actinomycetia,Corynebacteriales,Corynebacteriaceae,Corynebacterium,Corynebacterium diphtheriae,,7367,Ga0009374,Gp0006503,Gs0019311,2012-02-28,,,Yes,No,Yes,698963,42401,84313,2012-02-28,C7 (beta),2499189,2408,,,,
Bacteria,Finished,Pan-genomics of Corynebacterium diphtheriae,Corynebacterium diphtheriae HC02,Bielefeld University,2511231091,Actinobacteria,Actinomycetia,Corynebacteriales,Corynebacteriaceae,Corynebacterium,Corynebacterium diphtheriae,,7369,Ga0009375,Gp0006465,Gs0019311,2012-02-28,,,Yes,No,Yes,698968,42411,84317,2012-02-28,HC02,2468612,2298,,,,
Bacteria,Finished,Pan-genomics of Corynebacterium diphtheriae,Corynebacterium diphtheriae BH8,Bielefeld University,2511231099,Actinobacteria,Actinomycetia,Corynebacteriales,Corynebacteriaceae,Corynebacterium,Corynebacterium diphtheriae,,7378,Ga0009380,Gp0006530,Gs0019311,2012-02-28,,,Yes,No,Yes,698973,42423,84311,2012-02-28,BH8,2485519,2429,,,,
Bacteria,Finished,Pan-genomics of Corynebacterium diphtheriae,Corynebacterium diphtheriae VA01,Bielefeld University,2511231107,Actinobacteria,Actinomycetia,Corynebacteriales,Corynebacteriaceae,Corynebacterium,Corynebacterium diphtheriae,,7386,Ga0009385,Gp0006464,Gs0019311,2012-02-28,,,Yes,No,Yes,698971,42421,84305,2012-02-28,VA01,2395441,2256,,,,
Bacteria,Finished,Pan-genomics of Corynebacterium diphtheriae,Corynebacterium diphtheriae PW8,Bielefeld University,2511231111,Actinobacteria,Actinomycetia,Corynebacteriales,Corynebacteriaceae,Corynebacterium,Corynebacterium diphtheriae,,7390,Ga0009389,Gp0006699,Gs0019311,2012-02-28,,,Yes,No,Yes,698964,42403,84303,2012-02-28,PW8,2530683,2390,,,,
Bacteria,Finished,Corynebacterium variabile DSM 44702,Corynebacterium variabile DSM 44702,Bielefeld University,2511231114,Actinobacteria,Actinomycetia,Corynebacteriales,Corynebacteriaceae,Corynebacterium,Corynebacterium variabile,,7393,Ga0009391,Gp0008259,Gs0004863,2012-02-28,,,Yes,No,Yes,858619,50001,62003,2012-02-28,DSM 44702,3433007,3116,,,,
Bacteria,Finished,Pan-genomics of Corynebacterium diphtheriae,Corynebacterium diphtheriae CDCE 8392,Bielefeld University,2511231115,Actinobacteria,Actinomycetia,Corynebacteriales,Corynebacteriaceae,Corynebacterium,Corynebacterium diphtheriae,,7394,Ga0009392,Gp0006466,Gs0019311,2012-02-28,,,Yes,No,Yes,698965,42405,84295,2012-02-28,CDCE 8392,2433326,2318,,,,
Bacteria,Finished,Pan-genomics of Corynebacterium diphtheriae,Corynebacterium diphtheriae 241,Bielefeld University,2511231126,Actinobacteria,Actinomycetia,Corynebacteriales,Corynebacteriaceae,Corynebacterium,Corynebacterium diphtheriae,,7405,Ga0009402,Gp0006698,Gs0019311,2012-02-28,,,Yes,No,Yes,698966,42407,83607,2012-02-28,241,2426551,2310,,,,
Bacteria,Finished,Genome Sequencing of Corynebacterium pseudotuberculosis - Rede Paraense de Genomica e Proteomica, Brazil,Corynebacterium pseudotuberculosis 1/06-A,Rede Paraense de Genomica e Proteomica,2511231142,Actinobacteria,Actinomycetia,Corynebacteriales,Corynebacteriaceae,Corynebacterium,Corynebacterium pseudotuberculosis,,7421,Ga0009415,Gp0012244,Gs0004828,2012-02-28,,,Yes,No,Yes,1087454,73235,159665,2012-02-28,1/06-A,2279118,2024,,,
Bacteria,Finished,Genome Sequencing of Corynebacterium pseudotuberculosis - Rede Paraense de Genomica e Proteomica, Brazil,Corynebacterium pseudotuberculosis sv. II CIP52.97,Rede Paraense de Genomica e Proteomica,2511231153,Actinobacteria,Actinomycetia,Corynebacteriales,Corynebacteriaceae,Corynebacterium,Corynebacterium pseudotuberculosis,,7432,Ga0009425,Gp0008849,Gs0004828,2012-02-28,,,Yes,No,Yes,935697,61117,159667,2012-02-28,CIP52.97,2320595,2119,,,
Bacteria,Finished,Genome Sequencing of Corynebacterium pseudotuberculosis - Rede Paraense de Genomica e Proteomica, Brazil,Corynebacterium pseudotuberculosis PAT10,Rede Paraense de Genomica e Proteomica,2511231154,Actinobacteria,Actinomycetia,Corynebacteriales,Corynebacteriaceae,Corynebacterium,Corynebacterium pseudotuberculosis,,7434,Ga0009426,Gp0008582,Gs0004828,2012-02-28,,,Yes,No,Yes,935298,61115,159671,2012-02-28,PAT10,2335323,2139,,,
Bacteria,Finished,Genome Sequencing of Corynebacterium pseudotuberculosis - Rede Paraense de Genomica e Proteomica, Brazil,Corynebacterium pseudotuberculosis 42/02-A,Rede Paraense de Genomica e Proteomica,2511231212,Actinobacteria,Actinomycetia,Corynebacteriales,Corynebacteriaceae,Corynebacterium,Corynebacterium pseudotuberculosis,,7493,Ga0009473,Gp0012759,Gs0004828,2012-02-28,,,Yes,No,Yes,1087453,73233,159669,2012-02-28,42/02-A,2337606,2112,,,
Bacteria,Finished,Genome Sequencing of Corynebacterium pseudotuberculosis - Rede Paraense de Genomica e Proteomica, Brazil,Corynebacterium pseudotuberculosis 316,Rede Paraense de Genomica e Proteomica,2512564036,Actinobacteria,Actinomycetia,Corynebacteriales,Corynebacteriaceae,Corynebacterium,Corynebacterium pseudotuberculosis,,7886,Ga0009530,Gp0012503,Gs0004828,2012-04-05,,,Yes,No,Yes,1074485,71591,89381,2012-04-05,316,2310415,2167,,,
Bacteria,Finished,Genome Sequencing of Corynebacterium pseudotuberculosis - Rede Paraense de Genomica e Proteomica, Brazil,Corynebacterium pseudotuberculosis sv. Ovis P54B96,Federal University of Para,2512564058,Actinobacteria,Actinomycetia,Corynebacteriales,Corynebacteriaceae,Corynebacterium,Corynebacterium pseudotuberculosis,,7913,Ga0009544,Gp0017010,Gs0004828,2012-04-05,,,Yes,No,Yes,1117942,77871,157909,2012-04-05,P54B96,2337657,2145,,,
Bacteria,Finished,Genome Sequencing of Corynebacterium pseudotuberculosis - Rede Paraense de Genomica e Proteomica, Brazil,Corynebacterium pseudotuberculosis 267,Rede Paraense de Genomica e Proteomica,2513237214,Actinobacteria,Actinomycetia,Corynebacteriales,Corynebacteriaceae,Corynebacterium,Corynebacterium pseudotuberculosis,,8684,Ga0009599,Gp0017009,Gs0004828,2012-05-22,,,Yes,No,Yes,1089446,73515,162175,2012-05-22,267,2337628,2209,,,
Bacteria,Finished,Corynebacterium ulcerans 0102,Corynebacterium ulcerans 0102,National Institute of Infectious Diseases, Japan,2517093035,Actinobacteria,Actinomycetia,Corynebacteriales,Corynebacteriaceae,Corynebacterium,Corynebacterium ulcerans,,10525,Ga0011431,Gp0022776,Gs0004854,2012-09-06,,,Yes,No,Yes,996634,0,,2012-09-06,102,2579188,2412,,,
Bacteria,Finished,Genome Sequencing of Corynebacterium pseudotuberculosis - Rede Paraense de Genomica e Proteomica, Brazil,Corynebacterium pseudotuberculosis sv. Equi 258,Rede Paraense de Genomica e Proteomica,2518645564,Actinobacteria,Actinomycetia,Corynebacteriales,Corynebacteriaceae,Corynebacterium,Corynebacterium pseudotuberculosis,,11430,Ga0011683,Gp0020441,Gs0004828,2012-12-04,,,Yes,No,Yes,1168865,0,,2012-12-04,258,2314404,2149,,,
Bacteria,Finished,Genome Sequencing of Corynebacterium pseudotuberculosis - Rede Paraense de Genomica e Proteomica, Brazil,Corynebacterium pseudotuberculosis Cp162,Rede Paraense de Genomica e Proteomica,2518645565,Actinobacteria,Actinomycetia,Corynebacteriales,Corynebacteriaceae,Corynebacterium,Corynebacterium pseudotuberculosis,,11431,Ga0011684,Gp0020440,Gs0004828,2012-12-04,,,Yes,No,Yes,1161911,0,,2012-12-04,Cp162,2293464,2063,,,
Bacteria,Finished,Corynebacterium halotolerans YIM 70093 = DSM 44683,Corynebacterium halotolerans YIM 70093, DSM 44683,Center for Biotechnology (CeBiTec), Bielefeld Univeristy,2524023198,Actinobacteria,Actinomycetia,Corynebacteriales,Corynebacteriaceae,Corynebacterium,Corynebacterium halotolerans,,14206,Ga0012818,Gp0023456,Gs0004814,2013-04-19,,BMBF,Yes,No,Yes,1121362,0,,2013-04-19,YIM 70093, DSM 44683,3222008,2930,
Bacteria,Finished,Corynebacterium urealyticum DSM 7111,Corynebacterium urealyticum DSM 7111,Bielefeld University,2529292687,Actinobacteria,Actinomycetia,Corynebacteriales,Corynebacteriaceae,Corynebacterium,Corynebacterium urealyticum,,16724,Ga0013739,Gp0001356,Gs0004861,2013-08-14,,Bielefeld University,Yes,No,Yes,1267754,0,,2013-08-14,DSM 7111,2316065,1998,,,,
Bacteria,Finished,Genome Sequencing of Corynebacterium pseudotuberculosis - Rede Paraense de Genomica e Proteomica, Brazil,Corynebacterium pseudotuberculosis 31,Rede Paraense de Genomica e Proteomica,2540341150,Actinobacteria,Actinomycetia,Corynebacteriales,Corynebacteriaceae,Corynebacterium,Corynebacterium pseudotuberculosis,,19827,Ga0016664,Gp0037456,Gs0004828,2013-09-19,,,Yes,No,Yes,1087451,0,,2013-09-19,31,2297010,2124,,,
Bacteria,Finished,Corynebacterium terpenotabidum Y-11,Corynebacterium terpenotabidum Y-11 Genome sequencing,Center for Biotechnology (CeBiTec), Bielefeld Univeristy,2554235357,Actinobacteria,Actinomycetia,Corynebacteriales,Corynebacteriaceae,Corynebacterium,Corynebacterium terpenotabidum,,25917,Ga0021743,Gp0022753,Gs0004849,2014-01-01,,BMBF,Yes,No,Yes,1200352,0,,2014-01-01,Y-11,2751233,2441,,,
Bacteria,Finished,Corynebacterium glutamicum K051,Corynebacterium glutamicum K051,Forschungszentrum Julich GmbH,2554235360,Actinobacteria,Actinomycetia,Corynebacteriales,Corynebacteriaceae,Corynebacterium,Corynebacterium glutamicum,,25920,Ga0021746,Gp0023200,Gs0004796,2014-01-01,,,Yes,No,Yes,1204414,0,,2014-01-01,K051,3309400,2992,,,,
Bacteria,Finished,Corynebacterium glutamicum MB001 Genome sequencing,Corynebacterium glutamicum MB001,Center for Biotechnology (CeBiTec), Bielefeld Univeristy,2554235405,Actinobacteria,Actinomycetia,Corynebacteriales,Corynebacteriaceae,Corynebacterium,Corynebacterium glutamicum,,25968,Ga0021784,Gp0040284,Gs0004803,2014-01-01,,,Yes,No,Yes,1310161,0,,2014-01-01,MB001,3079253,2866,,,
Bacteria,Finished,Corynebacterium glutamicum SCgG1 Genome sequencing,Corynebacterium glutamicum SCgG1,Chinese Academy of Sciences, Tianjin Institute of Industrial Biotechnology,2554235421,Actinobacteria,Actinomycetia,Corynebacteriales,Corynebacteriaceae,Corynebacterium,Corynebacterium glutamicum,,25986,Ga0021799,Gp0042899,Gs0004807,2014-01-01,,,Yes,No,Yes,1232381,0,,2014-01-01,SCgG1,3350620,3101,,,
Bacteria,Finished,Corynebacterium glutamicum SCgG2 Genome sequencing,Corynebacterium glutamicum SCgG2,Chinese Academy of Sciences, Tianjin Institute of Industrial Biotechnology,2554235422,Actinobacteria,Actinomycetia,Corynebacteriales,Corynebacteriaceae,Corynebacterium,Corynebacterium glutamicum,,25987,Ga0021800,Gp0042900,Gs0004808,2014-01-01,,,Yes,No,Yes,1232383,0,,2014-01-01,SCgG2,3350619,3103,,,
Bacteria,Finished,Corynebacterium argentoratense DSM 44202 Genome sequencing,Corynebacterium argentoratense DSM 44202,Bielefeld University,2554235426,Actinobacteria,Actinomycetia,Corynebacteriales,Corynebacteriaceae,Corynebacterium,Corynebacterium argentoratense,,25991,Ga0021803,Gp0044215,Gs0004774,2014-01-01,,,Yes,No,Yes,1348662,0,,2014-01-01,DSM 44202,2031902,1937,,,,
Bacteria,Finished,Corynebacterium vitaeruminis DSM 20294,Corynebacterium vitaeruminis DSM 20294 Genome sequencing,Center for Biotechnology (CeBiTec), Bielefeld Univeristy,2558860221,Actinobacteria,Actinomycetia,Corynebacteriales,Corynebacteriaceae,Corynebacterium,Corynebacterium vitaeruminis,,30242,Ga0023106,Gp0023683,Gs0004864,2014-03-07,,BMBF,Yes,No,Yes,1224164,0,,2014-03-07,AJ 1525,2931780,2645,,,
Bacteria,Finished,Corynebacterium casei DSM 44701(T) Genome sequencing,Corynebacterium casei LMG S-19264,Center for Biotechnology (CeBiTec), Bielefeld Univeristy,2558860241,Actinobacteria,Actinomycetia,Corynebacteriales,Corynebacteriaceae,Corynebacterium,Corynebacterium casei,,30263,Ga0023125,Gp0036841,Gs0004780,2014-03-07,,,Yes,No,Yes,1285583,0,,2014-03-07,LMG S-19264,3132213,2872,,,
Bacteria,Finished,Corynebacterium maris DSM 45190,Corynebacterium maris DSM 45190 Genome sequencing,Center for Biotechnology (CeBiTec), Bielefeld Univeristy,2561511185,Actinobacteria,Actinomycetia,Corynebacteriales,Corynebacteriaceae,Corynebacterium,Corynebacterium maris,,35227,Ga0023937,Gp0023680,Gs0004823,2014-03-23,,BMBF,Yes,No,Yes,1224163,0,,2014-03-23,Coryn-1,2833547,2651,,,
Bacteria,Finished,Corynebacterium callunae DSM 20147,Corynebacterium callunae DSM 20147,Center for Biotechnology (CeBiTec), Bielefeld Univeristy,2561511200,Actinobacteria,Actinomycetia,Corynebacteriales,Corynebacteriaceae,Corynebacterium,Corynebacterium callunae,,35243,Ga0023951,Gp0036849,Gs0004779,2014-03-23,,,Yes,No,Yes,1121353,0,,2014-03-23,DSM 20147,2928683,2729,,,
Bacteria,Finished,Corynebacterium falsenii DSM 44353,Corynebacterium falsenii BL 8171, DSM 44353,Bielefeld University,2571042744,Actinobacteria,Actinomycetia,Corynebacteriales,Corynebacteriaceae,Corynebacterium,Corynebacterium falsenii,,38985,Ga0041990,Gp0086746,Gs0105019,2014-05-26,,,Yes,No,Yes,1451189,,,2014-05-26,BL 8171,2719616,2366,,,
Bacteria,Finished,Corynebacterium glycinophilum AJ 3170 Genome sequencing,Corynebacterium glyciniphilum AJ 3170,Bielefeld University,2576861442,Actinobacteria,Actinomycetia,Corynebacteriales,Corynebacteriaceae,Corynebacterium,Corynebacterium glyciniphilum,,40664,Ga0049306,Gp0047724,Gs0004813,2014-06-20,,,Yes,No,Yes,1404245,,,,AJ 3170,3568218,3333,,,,
Bacteria,Finished,Corynebacterium atypicum R2070(T) Genome sequencing,Corynebacterium atypicum R2070,Bielefeld University,2585427661,Actinobacteria,Actinomycetia,Corynebacteriales,Corynebacteriaceae,Corynebacterium,Corynebacterium atypicum,,45926,Ga0056296,Gp0099220,Gs0111998,2014-08-18,,,No,No,Yes,191610,,,2014-08-18,R2070,2359448,1643,,,,
Bacteria,Finished,Corynebacterium pseudotuberculosis project- Oslo University Hospital , Norway,Corynebacterium pseudotuberculosis Ft_2193/67,Oslo University Hospital,2588253761,Actinobacteria,Actinomycetia,Corynebacteriales,Corynebacteriaceae,Corynebacterium,Corynebacterium pseudotuberculosis,,46899,Ga0058018,Gp0101186,Gs0112276,2014-09-12,,,Yes,No,Yes,1719,,,2014-09-12,Ft_2193/67,2338300,2303,,,
Bacteria,Finished,Corynebacterium pseudotuberculosis project- Oslo University Hospital , Norway,Corynebacterium pseudotuberculosis CS_10,Oslo University Hospital,2588253762,Actinobacteria,Actinomycetia,Corynebacteriales,Corynebacteriaceae,Corynebacterium,Corynebacterium pseudotuberculosis,,46900,Ga0058017,Gp0101185,Gs0112276,2014-09-12,,,Yes,No,Yes,1719,,,2014-09-12,CS_10,2338144,2293,,,
Bacteria,Finished,Corynebacterium pseudotuberculosis project- Oslo University Hospital , Norway,Corynebacterium pseudotuberculosis 48252,Oslo University Hospital,2588253763,Actinobacteria,Actinomycetia,Corynebacteriales,Corynebacteriaceae,Corynebacterium,Corynebacterium pseudotuberculosis,,46901,Ga0058016,Gp0101183,Gs0112276,2014-09-12,,,Yes,No,Yes,1719,,,2014-09-12,48252,2338139,2288,,,
Bacteria,Finished,Corynebacterium sp. 6931 Genome sequencing,Corynebacterium sp. 6931,Los Alamos National Laboratory,2597490150,Actinobacteria,Actinomycetia,Corynebacteriales,Corynebacteriaceae,Corynebacterium,Corynebacterium sp. ATCC 6931,,54722,Ga0059225,Gp0093646,Gs0110536,2014-12-08,,,Yes,No,Yes,1487956,0,,2014-12-08,6931,2471920,2185,,,,
Bacteria,Finished,Corynebacterium genome project - Bielefeld University,Corynebacterium imitans DSM 44264,Bielefeld University,2597490159,Actinobacteria,Actinomycetia,Corynebacteriales,Corynebacteriaceae,Corynebacterium,Corynebacterium imitans,,54731,Ga0057432,Gp0094474,Gs0110311,2014-12-08,,,Yes,No,Yes,156978,0,,2014-12-08,DSM 44264,2565321,2413,,,,
Bacteria,Finished,Corynebacterium ureicelerivorans IMMIB RIV-2301 Genome sequencing,Corynebacterium ureicelerivorans IMMIB RIV-2301,Bielefeld University,2597490209,Actinobacteria,Actinomycetia,Corynebacteriales,Corynebacteriaceae,Corynebacterium,Corynebacterium ureicelerivorans,,54783,Ga0057669,Gp0103378,Gs0113317,2014-12-08,,,Yes,No,Yes,401472,0,,2014-12-08,IMMIB RIV-2301,2328278,2357,,,,
Bacteria,Finished,Corynebacterium humireducens NBRC 106098 = DSM 45392,Corynebacterium humireducens NBRC 106098 Genome sequencing,Center for Biotechnology (CeBiTec), Bielefeld Univeristy,2597490360,Actinobacteria,Actinomycetia,Corynebacteriales,Corynebacteriaceae,Corynebacterium,Corynebacterium humireducens,,54948,Ga0062981,Gp0023681,Gs0004816,2014-12-08,,BMBF,Yes,No,Yes,1223515,,,2014-12-08,MFC-5,2681312,2611,,,
Bacteria,Finished,Corynebacterium Type Strain Sequencing and Analysis Project,Corynebacterium singulare IBS B52218,Center for Biotechnology (CeBiTec), Bielefeld Univeristy,2600254920,Actinobacteria,Actinomycetia,Corynebacteriales,Corynebacteriaceae,Corynebacterium,Corynebacterium singulare,,55466,Ga0063334,Gp0109683,Gs0113936,2015-01-18,,,Yes,No,Yes,161899,,,2015-01-18,IBS B52218,2830519,2650,,,
Bacteria,Finished,Corynebacterium Type Strain Sequencing and Analysis Project,Corynebacterium spheniscorum PG 39 Genome sequencing,Center for Biotechnology (CeBiTec), Bielefeld Univeristy,2603880163,Actinobacteria,Actinomycetia,Corynebacteriales,Corynebacteriaceae,Corynebacterium,Corynebacterium spheniscorum,,57932,Ga0064580,Gp0110132,Gs0113936,2015-02-15,,,Yes,No,Yes,185761,,,2015-02-15,J11, PG 39,3173964,2891,,
Bacteria,Finished,Corynebacterium Type Strain Sequencing and Analysis Project,Corynebacterium kutscheri DSM 20755 Genome Sequencing,Center for Biotechnology (CeBiTec), Bielefeld Univeristy,2606217205,Actinobacteria,Actinomycetia,Corynebacteriales,Corynebacteriaceae,Corynebacterium,Corynebacterium kutscheri,,58143,Ga0066199,Gp0110293,Gs0113936,2015-03-10,,,Yes,No,Yes,35755,,,2015-03-10,DSM 20755,2354065,2159,,,
Bacteria,Finished,Corynebacterium Type Strain Sequencing and Analysis Project,Corynebacterium camporealensis DSM 44610 Genome Sequencing,Center for Biotechnology (CeBiTec), Bielefeld Univeristy,2606217206,Actinobacteria,Actinomycetia,Corynebacteriales,Corynebacteriaceae,Corynebacterium,Corynebacterium camporealensis,,58144,Ga0066200,Gp0110294,Gs0113936,2015-03-10,,,Yes,No,Yes,161896,,,2015-03-10,DSM 44610,2451810,2317,,,
Bacteria,Finished,Corynebacterium Type Strain Sequencing and Analysis Project,Corynebacterium epidermidicanis DSM 45586 Genome Sequencing,Center for Biotechnology (CeBiTec), Bielefeld Univeristy,2615840652,Actinobacteria,Actinomycetia,Corynebacteriales,Corynebacteriaceae,Corynebacterium,Corynebacterium epidermidicanis,,61628,Ga0071355,Gp0114694,Gs0113936,2015-05-03,,,Yes,No,Yes,1050174,,,2015-05-03,410,DSM 45586,LMG 26322,CCUG 60915,2692072,2542
Bacteria,Finished,Corynebacterium Type Strain Sequencing and Analysis Project,Corynebacterium testudinoris DSM 44614 Genome Sequencing,Center for Biotechnology (CeBiTec), Bielefeld Univeristy,2615840659,Actinobacteria,Actinomycetia,Corynebacteriales,Corynebacteriaceae,Corynebacterium,Corynebacterium testudinoris,,61651,Ga0071517,Gp0114695,Gs0113936,2015-05-03,,,Yes,No,Yes,136857,,,2015-05-03,DSM 44614,2721226,2631,,,
Bacteria,Finished,Corynebacterium Type Strain Sequencing and Analysis Project,Corynebacterium uterequi DSM 45634 Genome Sequencing,Center for Biotechnology (CeBiTec), Bielefeld Univeristy,2615840660,Actinobacteria,Actinomycetia,Corynebacteriales,Corynebacteriaceae,Corynebacterium,Corynebacterium uterequi,,61652,Ga0071518,Gp0114697,Gs0113936,2015-05-03,,,Yes,No,Yes,1072256,,,2015-05-03,DSM 45634,2419437,2235,,,
Bacteria,Finished,Corynebacterium Type Strain Sequencing and Analysis Project,Corynebacterium amycolatum DSM 6922 Genome Sequencing,Center for Biotechnology (CeBiTec), Bielefeld Univeristy,2617270851,Actinobacteria,Actinomycetia,Corynebacteriales,Corynebacteriaceae,Corynebacterium,Corynebacterium amycolatum,,62674,Ga0073573,Gp0115308,Gs0113936,2015-06-01,,,Yes,No,Yes,43765,,,2015-06-01,DSM 6922,2474946,2207,,,
Bacteria,Finished,Corynebacterium Type Strain Sequencing and Analysis Project,Corynebacterium xerosis DSM 20743 Genome Sequencing,Center for Biotechnology (CeBiTec), Bielefeld Univeristy,2617270853,Actinobacteria,Actinomycetia,Corynebacteriales,Corynebacteriaceae,Corynebacterium,Corynebacterium xerosis,,62676,Ga0073575,Gp0115310,Gs0113936,2015-06-01,,,Yes,No,Yes,1725,,,2015-06-01,DSM 20743,2696226,2402,,,
Bacteria,Finished,Corynebacterium Type Strain Sequencing and Analysis Project,Corynebacterium durum DSM 45333 Genome sequencing,Center for Biotechnology (CeBiTec), Bielefeld Univeristy,2623620526,Actinobacteria,Actinomycetia,Corynebacteriales,Corynebacteriaceae,Corynebacterium,Corynebacterium durum,,66467,Ga0078113,Gp0118678,Gs0113936,2015-07-27,,,Yes,No,Yes,61592,,,2015-07-27,DSM 45333,2786863,2641,,,
Bacteria,Finished,Corynebacterium Type Strain Sequencing and Analysis Project,Corynebacterium ammoniagenes DSM 20306 Genome sequencing,Center for Biotechnology (CeBiTec), Bielefeld Univeristy,2623620528,Actinobacteria,Actinomycetia,Corynebacteriales,Corynebacteriaceae,Corynebacterium,Corynebacterium ammoniagenes,,66472,Ga0078119,Gp0118681,Gs0113936,2015-07-27,,,Yes,No,Yes,649754,,,2015-07-27,DSM 20306,2790185,2592,,,
Bacteria,Finished,Corynebacterium Type Strain Sequencing and Analysis Project,Corynebacterium aquilae S-613,Center for Biotechnology (CeBiTec), Bielefeld Univeristy,2623620529,Actinobacteria,Actinomycetia,Corynebacteriales,Corynebacteriaceae,Corynebacterium,Corynebacterium aquilae,,66473,Ga0078120,Gp0118683,Gs0113936,2015-07-27,,,Yes,No,Yes,1431546,,,2015-07-27,S-613,2926437,2516,,,
Bacteria,Finished,Corynebacterium Type Strain Sequencing and Analysis Project,Corynebacterium nuruki S6-4,Center for Biotechnology (CeBiTec), Bielefeld Univeristy,2623620532,Actinobacteria,Actinomycetia,Corynebacteriales,Corynebacteriaceae,Corynebacterium,Corynebacterium nuruki,,66476,Ga0078123,Gp0118689,Gs0113936,2015-07-27,,,Yes,No,Yes,863239,,,2015-07-27,S6-4,3173964,2906,,,
Bacteria,Finished,Corynebacterium Type Strain Sequencing and Analysis Project,Corynebacterium phocae DSM 44612,Center for Biotechnology (CeBiTec), Bielefeld Univeristy,2623620533,Actinobacteria,Actinomycetia,Corynebacteriales,Corynebacteriaceae,Corynebacterium,Corynebacterium phocae,,66477,Ga0078124,Gp0118686,Gs0113936,2015-07-27,,,Yes,No,Yes,161895,,,2015-07-27,M408/89/1,2791883,2564,,,
Bacteria,Finished,Corynebacterium Type Strain Sequencing and Analysis Project,Corynebacterium sphenisci DSM 44792 Genome Sequencing,Center for Biotechnology (CeBiTec), Bielefeld Univeristy,2623620534,Actinobacteria,Actinomycetia,Corynebacteriales,Corynebacteriaceae,Corynebacterium,Corynebacterium sphenisci,,66478,Ga0078125,Gp0118687,Gs0113936,2015-07-27,,,Yes,No,Yes,1437874,,,2015-07-27,DSM 44792,2594799,2358,,,
Bacteria,Finished,Corynebacterium Type Strain Sequencing and Analysis Project,Corynebacterium stationis DSM 20302,Center for Biotechnology (CeBiTec), Bielefeld Univeristy,2623620535,Actinobacteria,Actinomycetia,Corynebacteriales,Corynebacteriaceae,Corynebacterium,Corynebacterium stationis,,66479,Ga0078126,Gp0118688,Gs0113936,2015-07-27,,,Yes,No,Yes,1705,,,2015-07-27,622,2862233,2701,,,
Bacteria,Finished,Corynebacterium Type Strain Sequencing and Analysis Project,Corynebacterium otitidis DSM 8821 Genome sequencing,Center for Biotechnology (CeBiTec), Bielefeld Univeristy,2623620536,Actinobacteria,Actinomycetia,Corynebacteriales,Corynebacteriaceae,Corynebacterium,Corynebacterium otitidis,,66480,Ga0078127,Gp0118690,Gs0113936,2015-07-27,,,Yes,No,Yes,29321,,,2015-07-27,DSM 8821,2128188,1867,,,
Bacteria,Finished,Whole genome sequence of Corynebacterium ulcerans strain 05146,Corynebacterium ulcerans 05146,Federal University of Minas Gerais,2627853834,Actinobacteria,Actinomycetia,Corynebacteriales,Corynebacteriaceae,Corynebacterium,Corynebacterium ulcerans,,69026,Ga0077925,Gp0118474,Gs0115974,2015-09-04,,,Yes,No,Yes,65058,0,,2015-09-04,5146,2466435,2256,,,,
Bacteria,Finished,Complete genome sequence of Corynebacterium ulcerans strain FRC11,Corynebacterium ulcerans FRC11,Federal University of Minas Gerais,2627853989,Actinobacteria,Actinomycetia,Corynebacteriales,Corynebacteriaceae,Corynebacterium,Corynebacterium ulcerans,,69336,Ga0078279,Gp0119272,Gs0116176,2015-09-04,,,Yes,No,Yes,1006579,0,,2015-09-04,FRC11,2442826,2230,,,,
Bacteria,Finished,Whole genome sequence of Corynebacterium ulcerans strain 210932,Corynebacterium ulcerans 210932,Federal University of Minas Gerais,2627854250,Actinobacteria,Actinomycetia,Corynebacteriales,Corynebacteriaceae,Corynebacterium,Corynebacterium ulcerans,,69597,Ga0069438,Gp0107303,Gs0113717,2015-09-04,,,Yes,No,Yes,65058,0,,2015-09-04,210932,2484335,2277,,,,
Bacteria,Finished,Corynebacterium marinum DSM 44953,Corynebacterium marinum DSM 44953 Genome sequencing,Center for Biotechnology (CeBiTec), Bielefeld Univeristy,2630968455,Actinobacteria,Actinomycetia,Corynebacteriales,Corynebacteriaceae,Corynebacterium,Corynebacterium marinum,,70367,Ga0069354,Gp0023707,Gs0004822,2015-09-21,,BMBF,Yes,No,Yes,1224162,0,,2015-09-21,D7015,2729219,2611,,,
Bacteria,Finished,Corynebacterium pseudotuberculosis strain:VD57 Genome sequencing,Corynebacterium pseudotuberculosis VD57,Federal University of Minas Gerais,2634166441,Actinobacteria,Actinomycetia,Corynebacteriales,Corynebacteriaceae,Corynebacterium,Corynebacterium pseudotuberculosis,,72256,Ga0077861,Gp0117661,Gs0115223,2015-10-08,,,Yes,No,Yes,1719,0,,2015-10-08,VD57,2337177,2180,,,,
Bacteria,Finished,Corynebacterium pseudotuberculosis strain:29156 genome sequencing,Corynebacterium pseudotuberculosis 29156,Federal University of Minas Gerais,2636415463,Actinobacteria,Actinomycetia,Corynebacteriales,Corynebacteriaceae,Corynebacterium,Corynebacterium pseudotuberculosis,,71701,Ga0081725,Gp0120530,Gs0116376,2015-10-20,,,Yes,No,Yes,1719,0,,2015-10-20,29156,2338645,2191,,,,
Bacteria,Finished,Genome sequence of Corynebacterium ulcerans strain 131002,Corynebacterium ulcerans 131002,Federal University of Minas Gerais,2636415853,Actinobacteria,Actinomycetia,Corynebacteriales,Corynebacteriaceae,Corynebacterium,Corynebacterium ulcerans,,72091,Ga0081728,Gp0120955,Gs0116632,2015-10-20,,,Yes,No,Yes,65058,0,,2015-10-20,131002,2434569,2231,,,,
Bacteria,Finished,Corynebacterium pseudotuberculosis E19B9 Genome sequencing,Corynebacterium pseudotuberculosis E19B9,Federal University of Para,2639762781,Actinobacteria,Actinomycetia,Corynebacteriales,Corynebacteriaceae,Corynebacterium,Corynebacterium pseudotuberculosis,,73741,Ga0081794,Gp0117660,Gs0115222,2015-11-06,,,Yes,No,Yes,1719,0,,2015-11-06,E19B9,2367956,2199,,,,
Bacteria,Finished,Corynebacterium doosanense CAU 212(T) Genome sequencing,Corynebacterium doosanense CAU 212, DSM 45436,Bielefeld University,2639762811,Actinobacteria,Actinomycetia,Corynebacteriales,Corynebacteriaceae,Corynebacterium,Corynebacterium doosanense,,73771,Ga0069303,Gp0048035,Gs0004791,2015-11-06,,,Yes,No,Yes,558173,0,,2015-11-06,CAU 212,2698995,2682,,,
Bacteria,Finished,Genome sequence of Corynebacterium ulcerans strain 131001,Corynebacterium ulcerans 131001,Federal University of Minas Gerais,2645727559,Actinobacteria,Actinomycetia,Corynebacteriales,Corynebacteriaceae,Corynebacterium,Corynebacterium ulcerans,,75761,Ga0081813,Gp0117796,Gs0115358,2016-01-05,,,Yes,No,Yes,65058,0,,2016-01-05,131001,2483321,2284,,,,
Bacteria,Finished,Corynebacterium pseudotuberculosis 226 Genome sequencing,Corynebacterium pseudotuberculosis 226,Federal University of Para, Rede Paraense de Genomica e Proteomica,2645727678,Actinobacteria,Actinomycetia,Corynebacteriales,Corynebacteriaceae,Corynebacterium,Corynebacterium pseudotuberculosis,,75880,Ga0073092,Gp0103813,Gs0113315,2016-01-05,,,Yes,No,Yes,1719,0,,2016-01-05,226,2337820,2224,,,
Bacteria,Finished,Corynebacterium lactis RW2-5,Corynebacterium lactis RW2-5,Bielefeld University,2645727750,Actinobacteria,Actinomycetia,Corynebacteriales,Corynebacteriaceae,Corynebacterium,Corynebacterium lactis,,75952,Ga0081790,Gp0067969,Gs0105021,2016-01-05,,,Yes,No,Yes,1408189,0,,2016-01-05,RW2-5,2769745,2514,,,,
Bacteria,Finished,Corynebacterium pseudotuberculosis 1002B genome sequencing,Corynebacterium pseudotuberculosis 1002B,Federal University of Minas Gerais,2645727783,Actinobacteria,Actinomycetia,Corynebacteriales,Corynebacteriaceae,Corynebacterium,Corynebacterium pseudotuberculosis,,75985,Ga0100898,Gp0122061,Gs0116972,2016-01-05,,,Yes,No,Yes,1719,0,,2016-01-05,1002B,2335107,2177,,,,
Bacteria,Finished,Corynebacterium pseudotuberculosis 262 Genome sequencing,Corynebacterium pseudotuberculosis 262,Federal University of Para,2645727818,Actinobacteria,Actinomycetia,Corynebacteriales,Corynebacteriaceae,Corynebacterium,Corynebacterium pseudotuberculosis,,76020,Ga0078673,Gp0117659,Gs0115221,2016-01-05,,,Yes,No,Yes,1719,0,,2016-01-05,262,2325749,2148,,,,
Bacteria,Finished,Corynebacterium ulcerans strain:210931 Genome sequencing,Corynebacterium ulcerans 210931,Federal University of Minas Gerais,2645727838,Actinobacteria,Actinomycetia,Corynebacteriales,Corynebacteriaceae,Corynebacterium,Corynebacterium ulcerans,,76040,Ga0078267,Gp0119271,Gs0116175,2016-01-05,,,Yes,No,Yes,65058,0,,2016-01-05,210931,2509428,2338,,,,
Bacteria,Finished,Corynebacterium pseudotuberculosis strain:12C genome sequencing,Corynebacterium pseudotuberculosis 12C,Federal University of Minas Gerais,2648501731,Actinobacteria,Actinomycetia,Corynebacteriales,Corynebacteriaceae,Corynebacterium,Corynebacterium pseudotuberculosis,,77862,Ga0081753,Gp0120502,Gs0116354,2016-01-22,,,Yes,No,Yes,1719,0,,2016-01-22,12C,2337451,2191,,,,
Bacteria,Finished,Corynebacterium riegelii PUDD_83A45 genome sequencing,Corynebacterium riegelii PUDD_83A45,University of California, San Francisco,2654587680,Actinobacteria,Actinomycetia,Corynebacteriales,Corynebacteriaceae,Corynebacterium,Corynebacterium riegelii,,78947,Ga0100906,Gp0124293,Gs0117576,2016-03-14,,,Yes,No,Yes,156976,0,,2016-03-14,PUDD_83A45,2563723,2465,,,
Bacteria,Finished,Corynebacterium glutamicum B253 genome sequencing,Corynebacterium glutamicum B253,Chinese Academy of Sciences, Tianjin Institute of Industrial Biotechnology,2654587970,Actinobacteria,Actinomycetia,Corynebacteriales,Corynebacteriaceae,Corynebacterium,Corynebacterium glutamicum,,80270,Ga0111277,Gp0122349,Gs0117187,2016-03-14,,,Yes,No,Yes,1718,0,,2016-03-14,B253,3229314,3049,,,
Bacteria,Finished,Corynebacterium Type Strain Sequencing and Analysis Project,Corynebacterium deserti GIMN1.010,Center for Biotechnology (CeBiTec), Bielefeld Univeristy,2654588031,Actinobacteria,Actinomycetia,Corynebacteriales,Corynebacteriaceae,Corynebacterium,Corynebacterium deserti,,80331,Ga0111303,Gp0109766,Gs0113936,2016-03-14,,,Yes,No,Yes,931089,0,,2016-03-14,GIMN1.010,3033893,2900,,,
Bacteria,Finished,Corynebacterium pseudotuberculosis Genome sequencing,Corynebacterium pseudotuberculosis MB66,Federal University of Para,2657245564,Actinobacteria,Actinomycetia,Corynebacteriales,Corynebacteriaceae,Corynebacterium,Corynebacterium pseudotuberculosis,IMG Annotation Pipeline v.4.10.0,82824,Ga0115128,Gp0131497,Gs0118227,2016-03-23,,,No,No,Yes,1719,0,,2016-03-23,MB66,2372202,2274,,,,
Bacteria,Finished,Genome sequencing of bacterial type strains from NCTC culture collection,Corynebacterium diphtheriae NCTC11397,Wellcome Trust Sanger Institute,2660238345,Actinobacteria,Actinomycetia,Corynebacteriales,Corynebacteriaceae,Corynebacterium,Corynebacterium diphtheriae,IMG Annotation Pipeline v.4.10.2,82274,Ga0111734,Gp0132011,Gs0118250,2016-04-04,,,Yes,No,Yes,1717,0,,2016-04-04,NCTC11397,2463666,2406,,,,
Bacteria,Finished,Corynebacterium pseudotuberculosis Genome sequencing,Corynebacterium pseudotuberculosis MB11,Federal University of Para,2660238451,Actinobacteria,Actinomycetia,Corynebacteriales,Corynebacteriaceae,Corynebacterium,Corynebacterium pseudotuberculosis,IMG Annotation Pipeline v.4.10.2,82380,Ga0115130,Gp0131493,Gs0118227,2016-04-04,,,No,No,Yes,1719,0,,2016-04-04,MB11,2363423,2291,,,,
Bacteria,Finished,Corynebacterium pseudotuberculosis Genome sequencing,Corynebacterium pseudotuberculosis MB30,Federal University of Para,2667527512,Actinobacteria,Actinomycetia,Corynebacteriales,Corynebacteriaceae,Corynebacterium,Corynebacterium pseudotuberculosis,IMG Annotation Pipeline v.4.10.5,86347,Ga0115126,Gp0131496,Gs0118227,2016-05-07,,,Yes,No,Yes,1719,0,,2016-05-07,MB30,2364377,2247,,,,
Bacteria,Finished,Corynebacterium pseudotuberculosis Genome sequencing,Corynebacterium pseudotuberculosis MB14,Federal University of Para,2667527572,Actinobacteria,Actinomycetia,Corynebacteriales,Corynebacteriaceae,Corynebacterium,Corynebacterium pseudotuberculosis,IMG Annotation Pipeline v.4.10.5,86407,Ga0115132,Gp0131495,Gs0118227,2016-05-07,,,Yes,No,Yes,1719,0,,2016-05-07,MB14,2370761,2269,,,,
Bacteria,Finished,Corynebacterium pseudotuberculosis PO222/4-1 genome sequencing and assembly,Corynebacterium pseudotuberculosis PO222/4-1,Federal University of Minas Gerais,2671180251,Actinobacteria,Actinomycetia,Corynebacteriales,Corynebacteriaceae,Corynebacterium,Corynebacterium pseudotuberculosis,IMG Annotation Pipeline v.4.11.0,87495,Ga0123708,Gp0145462,Gs0120050,2016-05-26,,,Yes,No,Yes,1719,0,,2016-05-26,PO222/4-1,2337508,2186,,,,
Bacteria,Finished,Corynebacterium pseudotuberculosis PO222/4-1 genome sequencing and assembly,Corynebacterium pseudotuberculosis PO269-5,Federal University of Minas Gerais,2675903328,Actinobacteria,Actinomycetia,Corynebacteriales,Corynebacteriaceae,Corynebacterium,Corynebacterium pseudotuberculosis,IMG Annotation Pipeline v.4.11.2,89149,Ga0123722,Gp0145463,Gs0120050,2016-06-15,,,Yes,No,Yes,1719,0,,2016-06-15,PO269-5,2337124,2164,,,,
Bacteria,Finished,Corynebacterium pseudotuberculosis strain:PA01 Genome sequencing and assembly,Corynebacterium pseudotuberculosis PA01,Universidade Federal do Para (UFPA),2675903590,Actinobacteria,Actinomycetia,Corynebacteriales,Corynebacteriaceae,Corynebacterium,Corynebacterium pseudotuberculosis,IMG Annotation Pipeline v.4.11.2,89411,Ga0125291,Gp0144857,Gs0119747,2016-06-15,,,Yes,No,Yes,1719,0,,2016-06-15,PA01,2337920,2169,,,,
Bacteria,Finished,Corynebacterium pseudotuberculosis N1,Corynebacterium pseudotuberculosis N1, Federal Universityof Minas Gerais,2684623084,Actinobacteria,Actinomycetia,Corynebacteriales,Corynebacteriaceae,Corynebacterium,Corynebacterium pseudotuberculosis,IMG Annotation Pipeline v.4.11.4,91637,Ga0125041,Gp0145964,Gs0120264,2016-07-12,,,Yes,No,Yes,1719,0,,2016-07-12,N1,2337845,2183,,,,
Bacteria,Finished,Corynebacterium stationis ATCC 6872 genome sequencing,Corynebacterium stationis ATCC 6872,Shanghai Institutes for Biological Sciences (SIBS) of Chinese Academy of Sciences (CAS),2684623105,Actinobacteria,Actinomycetia,Corynebacteriales,Corynebacteriaceae,Corynebacterium,Corynebacterium stationis,IMG Annotation Pipeline v.4.11.4,91658,Ga0133274,Gp0150733,Gs0121154,2016-07-12,,,Yes,No,Yes,1705,0,,2016-07-12,ATCC 6872,2853666,2717,,,,
Bacteria,Finished,Corynebacterium glutamicum CP Genome sequencing and assembly,Corynebacterium glutamicum CP,Tianjin university of science and technology, Metabolic Engineering Laboratory, College of Biotechnology,2684623129,Actinobacteria,Actinomycetia,Corynebacteriales,Corynebacteriaceae,Corynebacterium,Corynebacterium glutamicum,IMG Annotation Pipeline v.4.11.4,91682,Ga0125228,Gp0144060,Gs0119357,2016-07-12,,,Yes,No,Yes,1718,0,,2016-07-12,CP,3348762,3202,,
Bacteria,Finished,Corynebacterium simulans Wattiau genome sequencing and assembly,Corynebacterium simulans Wattiau,National Human Genome Research Institute,2687453286,Actinobacteria,Actinomycetia,Corynebacteriales,Corynebacteriaceae,Corynebacterium,Corynebacterium simulans,IMG Annotation Pipeline v.4.11.4,91979,Ga0125072,Gp0144697,Gs0119655,2016-07-27,,,Yes,No,Yes,146827,0,,2016-07-27,Wattiau,2598702,2469,,,,
Bacteria,Finished,Genome sequencing, assembly and antibiograms of bacteria isolated from calves in an epidemiological study of bovine respiratory disease complex,Corynebacterium glutamicum USDA-ARS-USMARC-56828,U.S. Department of Agriculture, Agricultural Research Service ,2687453317,Actinobacteria,Actinomycetia,Corynebacteriales,Corynebacteriaceae,Corynebacterium,Corynebacterium glutamicum,IMG Annotation Pipeline v.4.11.4,92010,Ga0123680,Gp0143699,Gs0119212,2016-07-27,,,Yes,No,Yes,1718,0,,2016-07-27,USDA-ARS-USMARC-56828,3293729,3098,,
Bacteria,Finished,Corynebacterium glutamicum YI genome sequencing and assembly,Corynebacterium glutamicum YI,Tianjin University,2687453329,Actinobacteria,Actinomycetia,Corynebacteriales,Corynebacteriaceae,Corynebacterium,Corynebacterium glutamicum,IMG Annotation Pipeline v.4.11.4,92022,Ga0133505,Gp0149525,Gs0120505,2016-07-27,,,Yes,No,Yes,1718,0,,2016-07-27,YI,3342103,3296,,,,
Bacteria,Finished,Corynebacterium pseudotuberculosis MEX25 genome sequencing and assembly,Corynebacterium pseudotuberculosis MEX25,Federal University of Minas Gerais,2687453358,Actinobacteria,Actinomycetia,Corynebacteriales,Corynebacteriaceae,Corynebacterium,Corynebacterium pseudotuberculosis,IMG Annotation Pipeline v.4.11.4,92051,Ga0125158,Gp0144620,Gs0119610,2016-07-27,,,Yes,No,Yes,1719,0,,2016-07-27,MEX25,2337529,2183,,,,
Bacteria,Finished,Corynebacterium pseudotuberculosis E56 genome sequencing and assembly,Corynebacterium pseudotuberculosis E56,Federal University of Minas Gerais,2687453413,Actinobacteria,Actinomycetia,Corynebacteriales,Corynebacteriaceae,Corynebacterium,Corynebacterium pseudotuberculosis,IMG Annotation Pipeline v.4.11.4,92106,Ga0123646,Gp0144619,Gs0119609,2016-07-27,,,Yes,No,Yes,1719,0,,2016-07-27,E56,2335773,2182,,,,
Bacteria,Finished,Corynebacterium simulans PES1 Genome sequencing and assembly,Corynebacterium simulans PES1,National Human Genome Research Institute,2687453511,Actinobacteria,Actinomycetia,Corynebacteriales,Corynebacteriaceae,Corynebacterium,Corynebacterium simulans,IMG Annotation Pipeline v.4.11.4,92204,Ga0123765,Gp0142231,Gs0118901,2016-07-27,,,Yes,No,Yes,146827,0,,2016-07-27,PES1,2737971,2628,,,,
Bacteria,Finished,Corynebacterium pseudo tuberculosis T1 strain Genome sequencing,Corynebacterium pseudotuberculosis T1,Federal University of Minas Gerais,2718217732,Actinobacteria,Actinomycetia,Corynebacteriales,Corynebacteriaceae,Corynebacterium,Corynebacterium pseudotuberculosis,IMG Annotation Pipeline v.4.14.6,117685,Ga0174857,Gp0204042,Gs0128572,2017-03-09,,,Yes,No,Yes,1719,0,,2017-03-09,T1,2337201,2171,,,,
Bacteria,Finished,Corynebacterium pseudotuberculosis A12 genome sequencing,Corynebacterium pseudotuberculosis PA02,Federal University of Para,2718217733,Actinobacteria,Actinomycetia,Corynebacteriales,Corynebacteriaceae,Corynebacterium,Corynebacterium pseudotuberculosis,IMG Annotation Pipeline v.4.14.6,117686,Ga0174856,Gp0203273,Gs0128280,2017-03-09,,,Yes,No,Yes,1719,0,,2017-03-09,PA02,2328435,2161,,,,
Bacteria,Finished,Corynebacterium pseudotuberculosis genome sequencing E55,Corynebacterium pseudotuberculosis E55,UFMG,2718217737,Actinobacteria,Actinomycetia,Corynebacteriales,Corynebacteriaceae,Corynebacterium,Corynebacterium pseudotuberculosis,IMG Annotation Pipeline v.4.14.6,117690,Ga0175515,Gp0205193,Gs0128642,2017-03-09,,,Yes,No,Yes,1719,0,,2017-03-09,E55,2335383,2180,,,,
Bacteria,Finished,Corynebacterium sp. JZ16 Genome sequencing,Corynebacterium crudilactis JZ16,Bielefeld University,2718217777,Actinobacteria,Actinomycetia,Corynebacteriales,Corynebacteriaceae,Corynebacterium,Corynebacterium crudilactis,IMG Annotation Pipeline v.4.14.6,117752,Ga0175221,Gp0203249,Gs0128259,2017-03-09,,,Yes,No,Yes,1652495,0,,2017-03-09,JZ16,3217288,3006,,,,
Bacteria,Finished,Corynebacterium glutamicum XV genome sequencing,Corynebacterium glutamicum XV,Tianjin University,2718217803,Actinobacteria,Actinomycetia,Corynebacteriales,Corynebacteriaceae,Corynebacterium,Corynebacterium glutamicum,IMG Annotation Pipeline v.4.14.6,117778,Ga0175415,Gp0205687,Gs0128701,2017-03-09,,,Yes,No,Yes,1718,0,,2017-03-09,XV,3338086,3176,,,,
Bacteria,Finished,Corynebacterium diphtheriae B-D-16-78 Genome sequencing,Corynebacterium diphtheriae sv. Mitis B-D-16-78,UNIVERSITY OF MALAYA,2718217843,Actinobacteria,Actinomycetia,Corynebacteriales,Corynebacteriaceae,Corynebacterium,Corynebacterium diphtheriae,IMG Annotation Pipeline v.4.14.6,117831,Ga0176006,Gp0203542,Gs0128387,2017-03-09,,,Yes,No,Yes,1717,0,,2017-03-09,B-D-16-78,2474151,2424,,,,
Bacteria,Finished,Corynebacterium pseudotuberculosis genome sequencing - Federal University of Minas Gerais,Corynebacterium pseudotuberculosis 35,Federal University of Minas Gerais,2718217849,Actinobacteria,Actinomycetia,Corynebacteriales,Corynebacteriaceae,Corynebacterium,Corynebacterium pseudotuberculosis,IMG Annotation Pipeline v.4.14.6,117841,Ga0175844,Gp0203365,Gs0128310,2017-03-09,,,Yes,No,Yes,1719,0,,2017-03-09,35,2403502,2264,,,,
Bacteria,Finished,Complete Genome Sequencing of Corynebacterium pseudotuberculosis strain MEX29,Corynebacterium pseudotuberculosis MEX29,UFMG,2718217883,Actinobacteria,Actinomycetia,Corynebacteriales,Corynebacteriaceae,Corynebacterium,Corynebacterium pseudotuberculosis,IMG Annotation Pipeline v.4.14.6,117887,Ga0175339,Gp0203213,Gs0128249,2017-03-09,,,Yes,No,Yes,1719,0,,2017-03-09,MEX29,2337866,2175,,,,
Bacteria,Finished,Complete Genome Sequencing of Corynebacterium pseudotuberculosis strain I37,Corynebacterium pseudotuberculosis I37,UFMG,2718217980,Actinobacteria,Actinomycetia,Corynebacteriales,Corynebacteriaceae,Corynebacterium,Corynebacterium pseudotuberculosis,IMG Annotation Pipeline v.4.14.6,118019,Ga0175831,Gp0203866,Gs0128545,2017-03-09,,,Yes,No,Yes,1719,0,,2017-03-09,I37,2370282,2202,,,,
Bacteria,Finished,Corynebacterium pseudotuberculosis genome sequencing - Federal University of Minas Gerais,Corynebacterium pseudotuberculosis 48,Federal University of Minas Gerais,2718218061,Actinobacteria,Actinomycetia,Corynebacteriales,Corynebacteriaceae,Corynebacterium,Corynebacterium pseudotuberculosis,IMG Annotation Pipeline v.4.14.6,118102,Ga0174844,Gp0203359,Gs0128310,2017-03-09,,,Yes,No,Yes,1719,0,,2017-03-09,48,2403301,2258,,,,
Bacteria,Finished,Complete Genome Sequencing of Corynebacterium pseudotuberculosis MEX30,Corynebacterium pseudotuberculosis MEX30,UFMG,2718218062,Actinobacteria,Actinomycetia,Corynebacteriales,Corynebacteriaceae,Corynebacterium,Corynebacterium pseudotuberculosis,IMG Annotation Pipeline v.4.14.6,118103,Ga0174845,Gp0203603,Gs0128424,2017-03-09,,,Yes,No,Yes,1719,0,,2017-03-09,MEX30,2368140,2256,,,,
Bacteria,Finished,Corynebacterium pseudotuberculosis genome sequencing - Federal University of Minas Gerais,Corynebacterium pseudotuberculosis 38,Federal University of Minas Gerais,2718218074,Actinobacteria,Actinomycetia,Corynebacteriales,Corynebacteriaceae,Corynebacterium,Corynebacterium pseudotuberculosis,IMG Annotation Pipeline v.4.14.6,118115,Ga0175501,Gp0203363,Gs0128310,2017-03-09,,,Yes,No,Yes,1719,0,,2017-03-09,38,2403515,2265,,,,
Bacteria,Finished,Corynebacterium pseudotuberculosis genome sequencing - Federal University of Minas Gerais,Corynebacterium pseudotuberculosis 34,Federal University of Minas Gerais,2718218183,Actinobacteria,Actinomycetia,Corynebacteriales,Corynebacteriaceae,Corynebacterium,Corynebacterium pseudotuberculosis,IMG Annotation Pipeline v.4.14.6,118230,Ga0175340,Gp0203366,Gs0128310,2017-03-09,,,Yes,No,Yes,1719,0,,2017-03-09,34,2403454,2264,,,,
Bacteria,Finished,Complete Genome Sequencing of Corynebacterium pseudotuberculosis strain MEX31,Corynebacterium pseudotuberculosis MEX31,UFMG,2718218188,Actinobacteria,Actinomycetia,Corynebacteriales,Corynebacteriaceae,Corynebacterium,Corynebacterium pseudotuberculosis,IMG Annotation Pipeline v.4.14.6,118235,Ga0175346,Gp0203800,Gs0128517,2017-03-09,,,Yes,No,Yes,1719,0,,2017-03-09,MEX31,2367880,2208,,,,
Bacteria,Finished,Corynebacterium CDC Group F-1 Genome sequencing,Corynebacterium sp. NML98-0116,Public Health Agency of Canada,2718218447,Actinobacteria,Actinomycetia,Corynebacteriales,Corynebacteriaceae,Corynebacterium,Corynebacterium sp. NML98-0116,IMG Annotation Pipeline v.4.14.6,118508,Ga0175216,Gp0203388,Gs0128328,2017-03-09,,,Yes,No,Yes,702967,0,,2017-03-09,NML98-0116,2365449,2230,,,,
Bacteria,Finished,Corynebacterium pseudotuberculosis MEX9 Genome sequencing,Corynebacterium pseudotuberculosis MEX9,UFMG,2718218465,Actinobacteria,Actinomycetia,Corynebacteriales,Corynebacteriaceae,Corynebacterium,Corynebacterium pseudotuberculosis,IMG Annotation Pipeline v.4.14.6,118526,Ga0175191,Gp0205194,Gs0128643,2017-03-09,,,Yes,No,Yes,1719,0,,2017-03-09,MEX9,2337578,2188,,,,
Bacteria,Finished,Corynebacterium pseudotuberculosis Genome sequencing,Corynebacterium pseudotuberculosis Cp13,Federal University of Minas Gerais,2718218466,Actinobacteria,Actinomycetia,Corynebacteriales,Corynebacteriaceae,Corynebacterium,Corynebacterium pseudotuberculosis,IMG Annotation Pipeline v.4.14.6,118527,Ga0175192,Gp0205644,Gs0128682,2017-03-09,,,Yes,No,Yes,1719,0,,2017-03-09,Cp13,2342237,2172,,,,
Bacteria,Finished,Corynebacterium pseudotuberculosis genome sequencing - Federal University of Minas Gerais,Corynebacterium pseudotuberculosis 32,Federal University of Minas Gerais,2718218467,Actinobacteria,Actinomycetia,Corynebacteriales,Corynebacteriaceae,Corynebacterium,Corynebacterium pseudotuberculosis,IMG Annotation Pipeline v.4.14.6,118528,Ga0175193,Gp0203368,Gs0128310,2017-03-09,,,Yes,No,Yes,1719,0,,2017-03-09,32,2403533,2262,,,,
Bacteria,Finished,Corynebacterium pseudotuberculosis genome sequencing - Federal University of Minas Gerais,Corynebacterium pseudotuberculosis 39,Federal University of Minas Gerais,2718218477,Actinobacteria,Actinomycetia,Corynebacteriales,Corynebacteriaceae,Corynebacterium,Corynebacterium pseudotuberculosis,IMG Annotation Pipeline v.4.14.6,118538,Ga0175011,Gp0203362,Gs0128310,2017-03-09,,,Yes,No,Yes,1719,0,,2017-03-09,39,2403579,2265,,,,
Bacteria,Finished,Corynebacterium pseudotuberculosis genome sequencing - Federal University of Minas Gerais,Corynebacterium pseudotuberculosis 43,Federal University of Minas Gerais,2718218479,Actinobacteria,Actinomycetia,Corynebacteriales,Corynebacteriaceae,Corynebacterium,Corynebacterium pseudotuberculosis,IMG Annotation Pipeline v.4.14.6,118540,Ga0175012,Gp0203361,Gs0128310,2017-03-09,,,Yes,No,Yes,1719,0,,2017-03-09,43,2365075,2209,,,,
Bacteria,Finished,Corynebacterium glutamicum ATCC 13869 genome sequencing,Corynebacterium glutamicum ATCC 13869,Shanghai Institutes for Biological Sciences (SIBS) of Chinese Academy of Sciences (CAS),2718218481,Actinobacteria,Actinomycetia,Corynebacteriales,Corynebacteriaceae,Corynebacterium,Corynebacterium glutamicum,IMG Annotation Pipeline v.4.14.6,118542,Ga0174758,Gp0205696,Gs0128709,2017-03-09,,,Yes,No,Yes,1718,0,,2017-03-09,ATCC 13869,3300947,3099,,,,
Bacteria,Finished,Corynebacterium glutamicum Genome sequencing,Corynebacterium glutamicum ATCC 21831,Korea Advanced Institute of Science and Technology (KAIST),2718218485,Actinobacteria,Actinomycetia,Corynebacteriales,Corynebacteriaceae,Corynebacterium,Corynebacterium glutamicum,IMG Annotation Pipeline v.4.14.6,118546,Ga0174757,Gp0205735,Gs0110533,2017-03-09,,,Yes,No,Yes,1718,0,,2017-03-09,ATCC 21831,3192886,3026,,,,
Bacteria,Finished,Corynebacterium pseudotuberculosis genome sequencing - Federal University of Minas Gerais,Corynebacterium pseudotuberculosis 36,Federal University of Minas Gerais,2721755690,Actinobacteria,Actinomycetia,Corynebacteriales,Corynebacteriaceae,Corynebacterium,Corynebacterium pseudotuberculosis,IMG Annotation Pipeline v.4.14.6,118700,Ga0176029,Gp0203364,Gs0128310,2017-03-23,,,Yes,No,Yes,1719,0,,2017-03-23,36,2403412,2262,,,,
Bacteria,Finished,Corynebacterium pseudotuberculosis genome sequencing - Federal University of Minas Gerais,Corynebacterium pseudotuberculosis 33,Federal University of Minas Gerais,2721755729,Actinobacteria,Actinomycetia,Corynebacteriales,Corynebacteriaceae,Corynebacterium,Corynebacterium pseudotuberculosis,IMG Annotation Pipeline v.4.14.6,118740,Ga0175843,Gp0203367,Gs0128310,2017-03-23,,,Yes,No,Yes,1719,0,,2017-03-23,33,2403550,2265,,,,
Bacteria,Finished,Corynebacterium pseudotuberculosis genome sequencing - Federal University of Minas Gerais,Corynebacterium pseudotuberculosis 46,Federal University of Minas Gerais,2728369357,Actinobacteria,Actinomycetia,Corynebacteriales,Corynebacteriaceae,Corynebacterium,Corynebacterium pseudotuberculosis,IMG Annotation Pipeline v.4.14.7,124220,Ga0175684,Gp0203360,Gs0128310,2017-04-28,,,Yes,No,Yes,1719,0,,2017-04-28,46,2366565,2205,,,,
Bacteria,Finished,Genome sequencing of bacterial type strains from NCTC culture collection,Corynebacterium imitans NCTC 13015,Wellcome Trust Sanger Institute,2773857867,Actinobacteria,Actinomycetia,Corynebacteriales,Corynebacteriaceae,Corynebacterium,Corynebacterium imitans,IMG Annotation Pipeline v.4.16.2,183335,Ga0226583,Gp0262761,Gs0118250,2018-03-28,,,Yes,No,Yes,156978,0,,2018-03-28,NCTC 13015,2565606,2429,,,,
Bacteria,Finished,Genome sequencing of bacterial type strains from NCTC culture collection,Corynebacterium cystitidis NCTC 11863,Wellcome Trust Sanger Institute,2773857908,Actinobacteria,Actinomycetia,Corynebacteriales,Corynebacteriaceae,Corynebacterium,Corynebacterium cystitidis,IMG Annotation Pipeline v.4.16.2,183376,Ga0226496,Gp0262762,Gs0118250,2018-03-28,,,Yes,No,Yes,35757,0,,2018-03-28,NCTC 11863,3011567,2904,,,,
Bacteria,Finished,Whole Genome sequencing of Corynebacterium ammoniagenes KCCM 40472,Corynebacterium ammoniagenes KCCM 40472,Kyungpook National University,2773858016,Actinobacteria,Actinomycetia,Corynebacteriales,Corynebacteriaceae,Corynebacterium,Corynebacterium ammoniagenes,IMG Annotation Pipeline v.4.16.2,183486,Ga0198348,Gp0222777,Gs0130008,2018-03-28,,,Yes,No,Yes,1697,0,,2018-03-28,KCCM 40472,2808265,2613,,,,
Bacteria,Finished,Genome sequencing of Corynebacterium stationis ATCC 21170,Corynebacterium stationis ATCC 21170,Shanghai Institutes for Biological Sciences (SIBS) of Chinese Academy of Sciences (CAS),2773858045,Actinobacteria,Actinomycetia,Corynebacteriales,Corynebacteriaceae,Corynebacterium,Corynebacterium stationis,IMG Annotation Pipeline v.4.16.2,183516,Ga0226203,Gp0258871,Gs0132285,2018-03-28,,,Yes,No,Yes,1705,0,,2018-03-28,ATCC 21170,2847184,2717,,,,
Bacteria,Finished,Corynebacterium Type Strain Sequencing and Analysis Project,Corynebacterium flavescens DSM 20296 Genome sequencing,Center for Biotechnology (CeBiTec), Bielefeld Univeristy,2775507246,Actinobacteria,Actinomycetia,Corynebacteriales,Corynebacteriaceae,Corynebacterium,Corynebacterium flavescens,IMG Annotation Pipeline v.4.16.2,185389,Ga0213633,Gp0118684,Gs0113936,2018-04-16,,,Yes,No,Yes,28028,0,,2018-04-16,OJ8,2758653,2600,,,
Bacteria,Finished,Corynebacterium Type Strain Sequencing and Analysis Project,Corynebacterium glaucum DSM 30827 Genome sequencing,Center for Biotechnology (CeBiTec), Bielefeld Univeristy,2775507269,Actinobacteria,Actinomycetia,Corynebacteriales,Corynebacteriaceae,Corynebacterium,Corynebacterium glaucum,IMG Annotation Pipeline v.4.16.2,185412,Ga0248394,Gp0118677,Gs0113936,2018-04-16,,,Yes,No,Yes,187491,0,,2018-04-16,DSM 30827,2518659,2460,,,
Bacteria,Finished,Genome sequencing of different bacteria isolated from Tibetan antelope feces,Corynebacterium liangguodongii 2184,Chinese Center for Disease Control and Prevention (China CDC),2791355250,Actinobacteria,Actinomycetia,Corynebacteriales,Corynebacteriaceae,Corynebacterium,Corynebacterium liangguodongii,IMG Annotation Pipeline v.4.16.4,195128,Ga0302476,Gp0313062,Gs0134639,2018-08-24,,,Yes,No,Yes,2079535,0,,2018-08-24,,2357924,2280,,,,
Bacteria,Finished,Genome sequencing of different bacteria isolated from Tibetan antelope feces,Corynebacterium yudongzhengii 2183,Chinese Center for Disease Control and Prevention (China CDC),2791355251,Actinobacteria,Actinomycetia,Corynebacteriales,Corynebacteriaceae,Corynebacterium,Corynebacterium yudongzhengii,IMG Annotation Pipeline v.4.16.4,195129,Ga0302682,Gp0313061,Gs0134639,2018-08-24,,,Yes,No,Yes,2080740,0,,2018-08-24,,2511302,2396,,,,
Bacteria,Finished,Corynebacterium flavum ZL-1 genome sequencing,Corynebacterium flavum ZL-1,Chinese Academy of Sciences, Tianjin Institute of Industrial Biotechnology,2802429473,Actinobacteria,Actinomycetia,Corynebacteriales,Corynebacteriaceae,Corynebacterium,[Brevibacterium] flavum,IMG Annotation Pipeline v.4.16.5,199419,Ga0302634,Gp0317208,Gs0134991,2018-10-12,,,Yes,No,Yes,1232385,0,,2018-10-12,,3340941,3219,,,
Bacteria,Finished,Genome sequencing of bacterial type strains from NCTC culture collection,Corynebacterium renale NCTC 11140,Wellcome Trust Sanger Institute,2808606771,Actinobacteria,Actinomycetia,Corynebacteriales,Corynebacteriaceae,Corynebacterium,Corynebacterium renale,IMG Annotation Pipeline v.4.16.5,202871,Ga0316485,Gp0342089,Gs0118250,2018-11-17,,,Yes,No,Yes,1724,0,,2018-11-17,,2338129,2206,,,,
Bacteria,Finished,Genome sequencing of bacterial type strains from NCTC culture collection,Corynebacterium renale NCTC 7448,Wellcome Trust Sanger Institute,2808606807,Actinobacteria,Actinomycetia,Corynebacteriales,Corynebacteriaceae,Corynebacterium,Corynebacterium renale,IMG Annotation Pipeline v.4.16.5,202907,Ga0316498,Gp0342271,Gs0118250,2018-11-17,,,Yes,No,Yes,1724,0,,2018-11-17,,2335089,2236,,,,
Bacteria,Finished,Genome sequencing of Corynebacterium camporealensis CIP 105508,Corynebacterium camporealensis CIP 105508,UFMG,2808606813,Actinobacteria,Actinomycetia,Corynebacteriales,Corynebacteriaceae,Corynebacterium,Corynebacterium camporealensis,IMG Annotation Pipeline v.4.16.5,202913,Ga0325209,Gp0149906,Gs0120705,2018-11-17,,,Yes,No,Yes,161896,0,,2018-11-17,,2450029,2448,,,,
Bacteria,Finished,Corynebacterium striatum KC-Na-01 Genome sequencing,Corynebacterium striatum KC-Na-01,Korea Research Institute of Bioscience and Biotechnology,2811995002,Actinobacteria,Actinomycetia,Corynebacteriales,Corynebacteriaceae,Corynebacterium,Corynebacterium striatum,IMG Annotation Pipeline v.4.16.6,204064,Ga0198648,Gp0222962,Gs0130104,2018-12-05,,,Yes,No,Yes,43770,0,,2018-12-05,,2797692,2717,,,,
Bacteria,Finished,Genome sequencing of bacterial type strains from NCTC culture collection,Corynebacterium urealyticum NCTC 12011,Wellcome Trust Sanger Institute,2811995035,Actinobacteria,Actinomycetia,Corynebacteriales,Corynebacteriaceae,Corynebacterium,Corynebacterium urealyticum,IMG Annotation Pipeline v.4.16.6,204097,Ga0225930,Gp0262760,Gs0118250,2018-12-05,,,Yes,No,Yes,43771,0,,2018-12-05,,2377532,2068,,,,
Bacteria,Finished,Antimicrobial Surveillance from Brigham & Women's Hospital, Boston MA,Corynebacterium striatum 215,Brigham & Women's Hospital,2811995065,Actinobacteria,Actinomycetia,Corynebacteriales,Corynebacteriaceae,Corynebacterium,Corynebacterium striatum,IMG Annotation Pipeline v.4.16.6,204127,Ga0263279,Gp0301625,Gs0133744,2018-12-05,,,Yes,No,Yes,43770,0,,2018-12-05,,2993983,2879,,,
Bacteria,Finished,Antimicrobial Surveillance from Brigham & Women's Hospital, Boston MA,Corynebacterium striatum 216,Brigham & Women's Hospital,2811995069,Actinobacteria,Actinomycetia,Corynebacteriales,Corynebacteriaceae,Corynebacterium,Corynebacterium striatum,IMG Annotation Pipeline v.4.16.6,204131,Ga0263790,Gp0301624,Gs0133744,2018-12-05,,,Yes,No,Yes,43770,0,,2018-12-05,,3031488,2932,,,
Bacteria,Finished,Genome sequencing of bacterial type strains from NCTC culture collection,Corynebacterium minutissimum NCTC 10288,Wellcome Trust Sanger Institute,2811995197,Actinobacteria,Actinomycetia,Corynebacteriales,Corynebacteriaceae,Corynebacterium,Corynebacterium minutissimum,IMG Annotation Pipeline v.4.16.6,204268,Ga0316560,Gp0342057,Gs0118250,2018-12-05,,,Yes,No,Yes,38301,0,,2018-12-05,,2695970,2539,,,,
Bacteria,Finished,Corynebacterium stationis LMG 21670 Genome sequencing,Corynebacterium stationis LMG 21670,Kyungpook National University,2811995366,Actinobacteria,Actinomycetia,Corynebacteriales,Corynebacteriaceae,Corynebacterium,Corynebacterium stationis,IMG Annotation Pipeline v.4.16.6,204437,Ga0198895,Gp0222961,Gs0130103,2018-12-05,,,Yes,No,Yes,1705,0,,2018-12-05,,2871159,2735,,,,
Bacteria,Finished,Corynebacterium pseudotuberculosis Cap1C genome sequencing,Corynebacterium pseudotuberculosis Cap1C,UFMG,2844399035,Actinobacteria,Actinomycetia,Corynebacteriales,Corynebacteriaceae,Corynebacterium,Corynebacterium pseudotuberculosis,IMG Annotation Pipeline v.5.0.3,223292,Ga0398900,Gp0443741,Gs0143806,2019-11-12,,,Yes,No,Yes,1719,,,2019-11-12,,2337519,2217,,,,
Bacteria,Finished,Corynebacterium pseudotuberculosis Cap1R genome sequencing,Corynebacterium pseudotuberculosis Cap1R,UFMG,2844401253,Actinobacteria,Actinomycetia,Corynebacteriales,Corynebacteriaceae,Corynebacterium,Corynebacterium pseudotuberculosis,IMG Annotation Pipeline v.5.0.3,223293,Ga0399593,Gp0444845,Gs0144280,2019-11-12,,,Yes,No,Yes,1719,,,2019-11-12,,2338132,2219,,,,
Bacteria,Finished,Corynebacterium pseudotuberculosis 99MAT genome sequencing,Corynebacterium pseudotuberculosis 99MAT,UFMG,2848142473,Actinobacteria,Actinomycetia,Corynebacteriales,Corynebacteriaceae,Corynebacterium,Corynebacterium pseudotuberculosis,IMG Annotation Pipeline v.5.0.9,225307,Ga0398703,Gp0444296,Gs0144191,2019-12-17,,,Yes,No,Yes,1719,,,2019-12-17,,2337582,2212,,,,
Bacteria,Finished,Corynebacterium pseudotuberculosis CAPMI05 genome sequencing,Corynebacterium pseudotuberculosis CAPMI05,UFMG,2848144686,Actinobacteria,Actinomycetia,Corynebacteriales,Corynebacteriaceae,Corynebacterium,Corynebacterium pseudotuberculosis,IMG Annotation Pipeline v.5.0.9,225308,Ga0399212,Gp0444290,Gs0144185,2019-12-17,,,Yes,No,Yes,1719,,,2019-12-17,,2337580,2211,,,,
Bacteria,Finished,Corynebacterium pseudotuberculosis CAPMI03 genome sequencing,Corynebacterium pseudotuberculosis CAPMI03,UFMG,2848146898,Actinobacteria,Actinomycetia,Corynebacteriales,Corynebacteriaceae,Corynebacterium,Corynebacterium pseudotuberculosis,IMG Annotation Pipeline v.5.0.9,225309,Ga0398660,Gp0444289,Gs0144184,2019-12-17,,,Yes,No,Yes,1719,,,2019-12-17,,2337533,2208,,,,
Bacteria,Finished,Genome sequencing of bacterial type strains from NCTC culture collection,Corynebacterium ulcerans NCTC 8639,Wellcome Trust Sanger Institute,2848149107,Actinobacteria,Actinomycetia,Corynebacteriales,Corynebacteriaceae,Corynebacterium,Corynebacterium ulcerans,IMG Annotation Pipeline v.5.0.9,225310,Ga0316521,Gp0341930,Gs0118250,2019-12-17,,,Yes,No,Yes,65058,,,2019-12-17,,2453749,2268,,,,
Bacteria,Finished,Corynebacterium pseudotuberculosis phoP Genome sequencing,Corynebacterium pseudotuberculosis phoP,UFMG,2848151376,Actinobacteria,Actinomycetia,Corynebacteriales,Corynebacteriaceae,Corynebacterium,Corynebacterium pseudotuberculosis,IMG Annotation Pipeline v.5.0.9,225311,Ga0198898,Gp0223167,Gs0130234,2019-12-17,,,Yes,No,Yes,1719,,,2019-12-17,,2339296,2206,,,,
Bacteria,Finished,Genome sequencing of Corynebacterium glutamicum ATCC 14067,Corynebacterium glutamicum ATCC 14067,South China University of Technology,2848153583,Actinobacteria,Actinomycetia,Corynebacteriales,Corynebacteriaceae,Corynebacterium,Corynebacterium glutamicum,IMG Annotation Pipeline v.5.0.9,225312,Ga0226622,Gp0260624,Gs0132507,2019-12-17,,,Yes,No,Yes,1079988,,,2019-12-17,,3329895,3312,,,,
Bacteria,Finished,Corynebacterium pseudotuberculosis Genome sequencing,Corynebacterium pseudotuberculosis MB302,Federal University of Para,2848156896,Actinobacteria,Actinomycetia,Corynebacteriales,Corynebacteriaceae,Corynebacterium,Corynebacterium pseudotuberculosis,IMG Annotation Pipeline v.5.0.9,225313,Ga0302454,Gp0315714,Gs0118227,2019-12-17,,,Yes,No,Yes,1719,,,2019-12-17,,2368811,2231,,,,
Bacteria,Finished,Genome sequencing of bacterial type strains from NCTC culture collection,Corynebacterium ulcerans NCTC 7910,Wellcome Trust Sanger Institute,2848159128,Actinobacteria,Actinomycetia,Corynebacteriales,Corynebacteriaceae,Corynebacterium,Corynebacterium ulcerans,IMG Annotation Pipeline v.5.0.9,225314,Ga0226436,Gp0262745,Gs0118250,2019-12-17,,,Yes,No,Yes,65058,,,2019-12-17,,2453761,2278,,,,
Bacteria,Finished,Corynebacterium xerosis GS 1 genome sequencing,Corynebacterium xerosis GS 1,Gansu Agricultural University,2848161407,Actinobacteria,Actinomycetia,Corynebacteriales,Corynebacteriaceae,Corynebacterium,Corynebacterium xerosis,IMG Annotation Pipeline v.5.0.9,225315,Ga0337764,Gp0370671,Gs0138337,2019-12-17,,,Yes,No,Yes,1725,,,2019-12-17,,2738835,2477,,,,
Bacteria,Finished,Genome sequencing of bacterial type strains from NCTC culture collection,Corynebacterium kutscheri NCTC3655,Wellcome Trust Sanger Institute,2848163885,Actinobacteria,Actinomycetia,Corynebacteriales,Corynebacteriaceae,Corynebacterium,Corynebacterium kutscheri,IMG Annotation Pipeline v.5.0.9,225316,Ga0398487,Gp0445059,Gs0118250,2019-12-17,,,Yes,No,Yes,35755,,,2019-12-17,,2387981,2237,,,,
Bacteria,Finished,Corynebacterium glutamicum Genome sequencing,Corynebacterium glutamicum AR1,Korea Advanced Institute of Science and Technology,2850571192,Actinobacteria,Actinomycetia,Corynebacteriales,Corynebacteriaceae,Corynebacterium,Corynebacterium glutamicum,IMG Annotation Pipeline v.5.0.9,226228,Ga0321442,Gp0094475,Gs0110533,2020-01-09,,,Yes,No,Yes,1718,,,2020-01-09,,3162487,3061,,,,
Bacteria,Finished,Corynebacterium pseudotuberculosis OVI03 genome sequencing,Corynebacterium pseudotuberculosis OVI03,UFMG,2850574254,Actinobacteria,Actinomycetia,Corynebacteriales,Corynebacteriaceae,Corynebacterium,Corynebacterium pseudotuberculosis,IMG Annotation Pipeline v.5.0.9,226229,Ga0272046,Gp0307766,Gs0134388,2020-01-09,,,Yes,No,Yes,1719,,,2020-01-09,,2337541,2211,,,,
Bacteria,Finished,Corynebacterium Ulcerans FRC58,Corynebacterium Ulcerans FRC58,Federal University of Para,2851545357,Actinobacteria,Actinomycetia,Corynebacteriales,Corynebacteriaceae,Corynebacterium,Corynebacterium ulcerans,IMG Annotation Pipeline v.5.0.9,226503,Ga0325214,Gp0067970,Gs0105025,2020-01-09,,,Yes,No,Yes,1408268,,,2020-01-09,,2542597,2400,,,,
Bacteria,Finished,Genome sequencing of Corynebacterium glutamicum TQ2223,Corynebacterium glutamicum TQ2223,Tianjin University,2851547758,Actinobacteria,Actinomycetia,Corynebacteriales,Corynebacteriaceae,Corynebacterium,Corynebacterium glutamicum,IMG Annotation Pipeline v.5.0.9,226504,Ga0226134,Gp0259278,Gs0132309,2020-01-09,,,Yes,No,Yes,1718,,,2020-01-09,,3306634,3215,,,,
Bacteria,Finished,Genome sequencing of bacterial type strains from NCTC culture collection,Corynebacterium segmentosum NCTC934,Wellcome Trust Sanger Institute,2851550974,Actinobacteria,Actinomycetia,Corynebacteriales,Corynebacteriaceae,Corynebacterium,Corynebacterium segmentosum,IMG Annotation Pipeline v.5.0.9,226505,Ga0399283,Gp0445038,Gs0118250,2020-01-09,,,Yes,No,Yes,43990,,,2020-01-09,,2373440,2264,,,,
Bacteria,Finished,Corynebacterium pseudotuberculosis PA07 genome sequencing,Corynebacterium pseudotuberculosis PA07,Federal University of Para,2851553239,Actinobacteria,Actinomycetia,Corynebacteriales,Corynebacteriaceae,Corynebacterium,Corynebacterium pseudotuberculosis,IMG Annotation Pipeline v.5.0.9,226506,Ga0264159,Gp0302973,Gs0134112,2020-01-09,,,Yes,No,Yes,1719,,,2020-01-09,,2337352,2211,,,,
Bacteria,Finished,Corynebacterium pseudotuberculosis Cap8W genome sequencing,Corynebacterium pseudotuberculosis Cap8W,UFMG,2851555451,Actinobacteria,Actinomycetia,Corynebacteriales,Corynebacteriaceae,Corynebacterium,Corynebacterium pseudotuberculosis,IMG Annotation Pipeline v.5.0.9,226507,Ga0399226,Gp0444291,Gs0144186,2020-01-09,,,Yes,No,Yes,1719,,,2020-01-09,,2337575,2211,,,,
Bacteria,Finished,Corynebacterium endometrii LMM-1653 genome sequencing,Corynebacterium endometrii LMM-1653,Bielefeld University,2851557663,Actinobacteria,Actinomycetia,Corynebacteriales,Corynebacteriaceae,Corynebacterium,Corynebacterium endometrii,IMG Annotation Pipeline v.5.0.9,226508,Ga0398262,Gp0444133,Gs0144080,2020-01-09,,,Yes,No,Yes,2488819,,,2020-01-09,,2477061,2278,,,,
Bacteria,Finished,Draft genome sequencing of Corynebacterium pseudotuberculosis PA05,Corynebacterium pseudotuberculosis PA05,Federal University of Para,2851559942,Actinobacteria,Actinomycetia,Corynebacteriales,Corynebacteriaceae,Corynebacterium,Corynebacterium pseudotuberculosis,IMG Annotation Pipeline v.5.0.9,226509,Ga0198885,Gp0223049,Gs0130153,2020-01-09,,,Yes,No,Yes,1719,,,2020-01-09,,2435437,2465,,,,
Bacteria,Finished,Corynebacterium pseudotuberculosis OVI1FL genome sequencing,Corynebacterium pseudotuberculosis OVI1FL,UFMG,2851562408,Actinobacteria,Actinomycetia,Corynebacteriales,Corynebacteriaceae,Corynebacterium,Corynebacterium pseudotuberculosis,IMG Annotation Pipeline v.5.0.9,226510,Ga0398047,Gp0444337,Gs0144211,2020-01-09,,,Yes,No,Yes,1719,,,2020-01-09,,2337554,2217,,,,
Bacteria,Finished,Corynebacterium pseudotuberculosis CAPNAT1 genome sequencing,Corynebacterium pseudotuberculosis CAPNAT1,UFMG,2859551338,Actinobacteria,Actinomycetia,Corynebacteriales,Corynebacteriaceae,Corynebacterium,Corynebacterium pseudotuberculosis,IMG Annotation Pipeline v.5.0.11,228420,Ga0398691,Gp0444010,Gs0143972,2020-02-15,,,Yes,No,Yes,1719,,,2020-02-15,,2337602,2206,,,,
Bacteria,Finished,Corynebacterium glutamicum B414 genome sequencing,Corynebacterium glutamicum B414,Chinese Academy of Sciences, Tianjin Institute of Industrial Biotechnology,2859553545,Actinobacteria,Actinomycetia,Corynebacteriales,Corynebacteriaceae,Corynebacterium,Corynebacterium glutamicum,IMG Annotation Pipeline v.5.0.11,228421,Ga0401046,Gp0122350,Gs0117188,2020-02-15,,,Yes,No,Yes,1718,,,2020-02-15,,3155208,3020,,,
Bacteria,Finished,Corynebacterium pseudotuberculosis Genome sequencing,Corynebacterium pseudotuberculosis SigmaE,UFMG,2859556566,Actinobacteria,Actinomycetia,Corynebacteriales,Corynebacteriaceae,Corynebacterium,Corynebacterium pseudotuberculosis,IMG Annotation Pipeline v.5.0.11,228422,Ga0199057,Gp0223263,Gs0130293,2020-02-15,,,Yes,No,Yes,1719,,,2020-02-15,,2339255,2208,,,,
Bacteria,Finished,Corynebacterium pseudotuberculosis Genome sequencing,Corynebacterium pseudotuberculosis MB295,Federal University of Para,2859558775,Actinobacteria,Actinomycetia,Corynebacteriales,Corynebacteriaceae,Corynebacterium,Corynebacterium pseudotuberculosis,IMG Annotation Pipeline v.5.0.11,228423,Ga0302535,Gp0315713,Gs0118227,2020-02-15,,,Yes,No,Yes,1719,,,2020-02-15,,2369254,2213,,,,
Bacteria,Finished,Genome sequencing of Corynebacterium glutamicum WM001,Corynebacterium glutamicum WM001,Jiangnan University,2859560989,Actinobacteria,Actinomycetia,Corynebacteriales,Corynebacteriaceae,Corynebacterium,Corynebacterium glutamicum,IMG Annotation Pipeline v.5.0.11,228424,Ga0226518,Gp0258838,Gs0132266,2020-02-15,,,Yes,No,Yes,1718,,,2020-02-15,,3319925,3212,,,,
Bacteria,Finished,Corynebacterium glutamicum Genome sequencing and assembly,Corynebacterium glutamicum ATCC 13032,The Catholic University of Korea,2859564202,Actinobacteria,Actinomycetia,Corynebacteriales,Corynebacteriaceae,Corynebacterium,Corynebacterium glutamicum,IMG Annotation Pipeline v.5.0.11,228425,Ga0264037,Gp0303083,Gs0134185,2020-02-15,,,Yes,No,Yes,1718,,,2020-02-15,,3316624,3215,,,,
Bacteria,Finished,Corynebacterium choanis 200CH genome sequencing,Corynebacterium choanis 200CH,Bielefeld University,2859567418,Actinobacteria,Actinomycetia,Corynebacteriales,Corynebacteriaceae,Corynebacterium,Corynebacterium choanis,IMG Annotation Pipeline v.5.0.11,228426,Ga0398153,Gp0443147,Gs0143524,2020-02-15,,,Yes,No,Yes,1862358,,,2020-02-15,,2986773,2437,,,,
Bacteria,Finished,Corynebacterium provencense 17KM38 genome sequencing,Corynebacterium provencense 17KM38,University of Berne,2859569856,Actinobacteria,Actinomycetia,Corynebacteriales,Corynebacteriaceae,Corynebacterium,Corynebacterium provencense,IMG Annotation Pipeline v.5.0.11,228427,Ga0365053,Gp0393613,Gs0141685,2020-02-15,,,Yes,No,Yes,1737425,,,2020-02-15,,3111650,2797,,,,
Bacteria,Finished,Complete Genome Sequencing of Corynebacterium pseudotuberculosis strain MEX1,Corynebacterium pseudotuberculosis MEX1,UFMG,2859572654,Actinobacteria,Actinomycetia,Corynebacteriales,Corynebacteriaceae,Corynebacterium,Corynebacterium pseudotuberculosis,IMG Annotation Pipeline v.5.0.11,228428,Ga0198627,Gp0222986,Gs0130127,2020-02-15,,,Yes,No,Yes,1719,,,2020-02-15,,2337090,2209,,,,
Bacteria,Finished,Corynebacterium pseudotuberculosis PA08/A19 genome sequencing,Corynebacterium pseudotuberculosis PA08/A19,Universidade Federal do Para (UFPA),2859574864,Actinobacteria,Actinomycetia,Corynebacteriales,Corynebacteriaceae,Corynebacterium,Corynebacterium pseudotuberculosis,IMG Annotation Pipeline v.5.0.11,228429,Ga0263830,Gp0303057,Gs0134160,2020-02-15,,,Yes,No,Yes,1719,,,2020-02-15,,2337756,2205,,,,
Bacteria,Finished,Corynebacterium ulcerans PO100/5 Genome sequencing,Corynebacterium ulcerans PO100/5,UFMG,2862033302,Actinobacteria,Actinomycetia,Corynebacteriales,Corynebacteriaceae,Corynebacterium,Corynebacterium ulcerans,IMG Annotation Pipeline v.5.0.13,229517,Ga0199013,Gp0222877,Gs0130072,2020-03-19,,,Yes,No,Yes,65058,,,2020-03-19,,2572413,2662,,,,
Bacteria,Finished,Corynebacterium glutamicum N24 genome sequencing,Corynebacterium glutamicum N24,Yamaguchi University,2862035965,Actinobacteria,Actinomycetia,Corynebacteriales,Corynebacteriaceae,Corynebacterium,Corynebacterium glutamicum,IMG Annotation Pipeline v.5.0.13,229518,Ga0263914,Gp0302339,Gs0133954,2020-03-19,,,Yes,No,Yes,1718,,,2020-03-19,,3537507,3309,,,,
Bacteria,Finished,Corynebacterium pseudopelargi 812CH genome sequencing,Corynebacterium pseudopelargi 812CH,Bielefeld University,2862063619,Actinobacteria,Actinomycetia,Corynebacteriales,Corynebacteriaceae,Corynebacterium,Corynebacterium pseudopelargi,IMG Annotation Pipeline v.5.0.13,229529,Ga0346623,Gp0379416,Gs0140728,2020-03-19,,,Yes,No,Yes,2080757,,,2020-03-19,,2348160,2277,,,,
Bacteria,Finished,Corynebacterium geronticis W8 genome sequencing,Corynebacterium geronticis W8,Bielefeld University,2869738452,Actinobacteria,Actinomycetia,Corynebacteriales,Corynebacteriaceae,Corynebacterium,Corynebacterium geronticis,IMG Annotation Pipeline v.5.0.15,231729,Ga0398946,Gp0443212,Gs0143557,2020-04-23,,,Yes,No,Yes,2079234,,,2020-04-23,,2263210,2184,,,,
Bacteria,Finished,Corynebacterium pelargi 136/3 genome sequencing,Corynebacterium pelargi 136/3,Bielefeld University,2869740637,Actinobacteria,Actinomycetia,Corynebacteriales,Corynebacteriaceae,Corynebacterium,Corynebacterium pelargi,IMG Annotation Pipeline v.5.0.15,231730,Ga0398653,Gp0442046,Gs0142978,2020-04-23,,,Yes,No,Yes,1471400,,,2020-04-23,,2370062,2244,,,,
Bacteria,Finished,Genome sequencing of Corynebacterium ulcerans 0102 DRS000656,Corynebacterium ulcerans 0102 DRS000656,National Institute of Infectious Diseases, Japan,2869742882,Actinobacteria,Actinomycetia,Corynebacteriales,Corynebacteriaceae,Corynebacterium,Corynebacterium ulcerans,IMG Annotation Pipeline v.5.0.15,231731,Ga0226105,Gp0261008,Gs0132715,2020-04-23,,,Yes,No,Yes,996634,,,2020-04-23,,2579188,2432,,,
Bacteria,Finished,Corynebacterium pseudotuberculosis Genome sequencing,Corynebacterium pseudotuberculosis MB154,Federal University of Para,2869745315,Actinobacteria,Actinomycetia,Corynebacteriales,Corynebacteriaceae,Corynebacterium,Corynebacterium pseudotuberculosis,IMG Annotation Pipeline v.5.0.15,231732,Ga0302697,Gp0315711,Gs0118227,2020-04-23,,,Yes,No,Yes,1719,,,2020-04-23,,2371210,2276,,,,
Bacteria,Finished,Corynebacterium pseudotuberculosis 04MAT genome sequencing,Corynebacterium pseudotuberculosis 04MAT,UFMG,2869747592,Actinobacteria,Actinomycetia,Corynebacteriales,Corynebacteriaceae,Corynebacterium,Corynebacterium pseudotuberculosis,IMG Annotation Pipeline v.5.0.15,231733,Ga0398778,Gp0444293,Gs0144188,2020-04-23,,,Yes,No,Yes,1719,,,2020-04-23,,2337578,2209,,,,
Bacteria,Finished,Corynebacterium pseudotuberculosis Pa04 Genome sequencing,Corynebacterium pseudotuberculosis PA04/A11,Universidade Federal do Para (UFPA),2869749802,Actinobacteria,Actinomycetia,Corynebacteriales,Corynebacteriaceae,Corynebacterium,Corynebacterium pseudotuberculosis,IMG Annotation Pipeline v.5.0.15,231734,Ga0199004,Gp0223106,Gs0130200,2020-04-23,,,Yes,No,Yes,1719,,,2020-04-23,,2338093,2218,,,,
Bacteria,Finished,Corynebacterium glutamicum AJ1511 genome sequencing,Corynebacterium glutamicum AJ1511,Ajinomoto Co., Inc,2869752021,Actinobacteria,Actinomycetia,Corynebacteriales,Corynebacteriaceae,Corynebacterium,Corynebacterium glutamicum,IMG Annotation Pipeline v.5.0.15,231735,Ga0263818,Gp0301018,Gs0133708,2020-04-23,,,Yes,No,Yes,1718,,,2020-04-23,,3297987,3182,,,
Bacteria,Finished,Genome sequencing as part of FDA-ARGOS: dAtabase for Regulatory Grade micrObial Sequences project,Corynebacterium jeikeium FDAARGOS_574,Institute for Genome Sciences, University of Maryland School of Medicine, US Food and Drug Administration ,2869755204,Actinobacteria,Actinomycetia,Corynebacteriales,Corynebacteriaceae,Corynebacterium,Corynebacterium jeikeium,IMG Annotation Pipeline v.5.0.15,231736,Ga0399744,Gp0444981,Gs0112041,2020-04-23,,,Yes,No,Yes,38289,,,2020-04-23,,2528170,2277,,
Bacteria,Finished,Corynebacterium pseudotuberculosis Cap5W genome sequencing,Corynebacterium pseudotuberculosis Cap5W,UFMG,2869757482,Actinobacteria,Actinomycetia,Corynebacteriales,Corynebacteriaceae,Corynebacterium,Corynebacterium pseudotuberculosis,IMG Annotation Pipeline v.5.0.15,231737,Ga0398560,Gp0444852,Gs0144284,2020-04-23,,,Yes,No,Yes,1719,,,2020-04-23,,2337585,2205,,,,
Bacteria,Finished,Corynebacterium pseudotuberculosis 87MAT genome sequencing,Corynebacterium pseudotuberculosis 87MAT,UFMG,2869759688,Actinobacteria,Actinomycetia,Corynebacteriales,Corynebacteriaceae,Corynebacterium,Corynebacterium pseudotuberculosis,IMG Annotation Pipeline v.5.0.15,231738,Ga0398581,Gp0444295,Gs0144190,2020-04-23,,,Yes,No,Yes,1719,,,2020-04-23,,2337583,2208,,,,
Bacteria,Finished,Corynebacterium pseudotuberculosis ATCC 19410 genome sequencing,Corynebacterium pseudotuberculosis ATCC 19410,UFMG,2872045035,Actinobacteria,Actinomycetia,Corynebacteriales,Corynebacteriaceae,Corynebacterium,Corynebacterium pseudotuberculosis,IMG Annotation Pipeline v.5.0.15,232506,Ga0198532,Gp0223239,Gs0130288,2020-05-13,,,Yes,,Yes,1719,,,2020-05-13,,2337763,2204,,,,
Bacteria,Finished,Corynebacterium diphtheriae BQ11 genome sequencing,Corynebacterium diphtheriae BQ11,University of Queensland,2872047240,Actinobacteria,Actinomycetia,Corynebacteriales,Corynebacteriaceae,Corynebacterium,Corynebacterium diphtheriae,IMG Annotation Pipeline v.5.0.15,232507,Ga0397754,Gp0443086,Gs0143477,2020-05-13,,,Yes,,Yes,1717,,,2020-05-13,,2557381,2517,,,,
Bacteria,Finished,Corynebacterium pseudotuberculosis E7 genome sequencing,Corynebacterium pseudotuberculosis E7,UFMG,2872053734,Actinobacteria,Actinomycetia,Corynebacteriales,Corynebacteriaceae,Corynebacterium,Corynebacterium pseudotuberculosis,IMG Annotation Pipeline v.5.0.15,232510,Ga0399321,Gp0444846,Gs0144281,2020-05-13,,,Yes,,Yes,1719,,,2020-05-13,,2337910,2217,,,,
Bacteria,Finished,Corynebacterium pseudotuberculosis OVIAF1 genome sequencing,Corynebacterium pseudotuberculosis OVIAF1,UFMG,2872055952,Actinobacteria,Actinomycetia,Corynebacteriales,Corynebacteriaceae,Corynebacterium,Corynebacterium pseudotuberculosis,IMG Annotation Pipeline v.5.0.15,232511,Ga0399540,Gp0441434,Gs0142740,2020-05-13,,,Yes,,Yes,1719,,,2020-05-13,,2337570,2210,,,,
Bacteria,Finished,Corynebacterium pseudotuberculosis Cap4W genome sequencing,Corynebacterium pseudotuberculosis Cap4W,UFMG,2872058163,Actinobacteria,Actinomycetia,Corynebacteriales,Corynebacteriaceae,Corynebacterium,Corynebacterium pseudotuberculosis,IMG Annotation Pipeline v.5.0.15,232512,Ga0399798,Gp0444360,Gs0144231,2020-05-13,,,Yes,,Yes,1719,,,2020-05-13,,2337570,2206,,,,
Bacteria,Finished,Genome sequencing as part of FDA-ARGOS: dAtabase for Regulatory Grade micrObial Sequences project,Corynebacterium diphtheriae FDAARGOS_197,Institute for Genome Sciences, University of Maryland School of Medicine, US Food and Drug Administration ,2872060370,Actinobacteria,Actinomycetia,Corynebacteriales,Corynebacteriaceae,Corynebacterium,Corynebacterium diphtheriae,IMG Annotation Pipeline v.5.0.15,232513,Ga0199109,Gp0222269,Gs0112041,2020-05-13,,,Yes,,Yes,1717,,,2020-05-13,,2489049,2427,,
Bacteria,Finished,Corynebacterium pseudotuberculosis Genome sequencing,Corynebacterium pseudotuberculosis MB20,Federal University of Para,2872062798,Actinobacteria,Actinomycetia,Corynebacteriales,Corynebacteriaceae,Corynebacterium,Corynebacterium pseudotuberculosis,IMG Annotation Pipeline v.5.0.15,232514,Ga0213655,Gp0102020,Gs0118227,2020-05-13,,,Yes,,Yes,1719,,,2020-05-13,,2370901,2364,,,,
Bacteria,Finished,Complete Genome Sequencing of Corynebacterium pseudotuberculosis MIC6,Corynebacterium pseudotuberculosis MIC6,UFMG,2872065163,Actinobacteria,Actinomycetia,Corynebacteriales,Corynebacteriaceae,Corynebacterium,Corynebacterium pseudotuberculosis,IMG Annotation Pipeline v.5.0.15,232515,Ga0199083,Gp0223216,Gs0130265,2020-05-13,,,Yes,,Yes,1719,,,2020-05-13,,2337147,2210,,,,
Bacteria,Finished,Corynebacterium pseudotuberculosis Cap1W genome sequencing,Corynebacterium pseudotuberculosis Cap1W,UFMG,2872067374,Actinobacteria,Actinomycetia,Corynebacteriales,Corynebacteriaceae,Corynebacterium,Corynebacterium pseudotuberculosis,IMG Annotation Pipeline v.5.0.15,232516,Ga0398880,Gp0443081,Gs0143472,2020-05-13,,,Yes,,Yes,1719,,,2020-05-13,,2337504,2209,,,,
Bacteria,Finished,Corynebacterium diphtheriae lausannense CHUV2995 genome sequencing,Corynebacterium diphtheriae lausannense CHUV2995,CHUV-UNIL,2872069584,Actinobacteria,Actinomycetia,Corynebacteriales,Corynebacteriaceae,Corynebacterium,Corynebacterium diphtheriae,IMG Annotation Pipeline v.5.0.15,232517,Ga0399801,Gp0442955,Gs0143382,2020-05-13,,,Yes,,Yes,2315254,,,2020-05-13,,3060363,3351,,,,
Bacteria,Finished,Genome sequencing as part of FDA-ARGOS: dAtabase for Regulatory Grade micrObial Sequences project,Corynebacterium jeikeium FDAARGOS_328,Institute for Genome Sciences, University of Maryland School of Medicine, US Food and Drug Administration ,2874814951,Actinobacteria,Actinomycetia,Corynebacteriales,Corynebacteriaceae,Corynebacterium,Corynebacterium jeikeium,IMG Annotation Pipeline v.5.0.15,234510,Ga0226010,Gp0261559,Gs0112041,2020-06-03,,,Yes,,Yes,38289,,,2020-06-03,,2650878,2430,,
Bacteria,Finished,Corynebacterium glutamicum ZL-6 Genome sequencing,Corynebacterium glutamicum ZL-6,Chinese Academy of Sciences, Tianjin Institute of Industrial Biotechnology,2874817382,Actinobacteria,Actinomycetia,Corynebacteriales,Corynebacteriaceae,Corynebacterium,Corynebacterium glutamicum,IMG Annotation Pipeline v.5.0.15,234511,Ga0309633,Gp0044964,Gs0004812,2020-06-03,,,Yes,,Yes,1232384,,,2020-06-03,,3332458,3242,,,
Bacteria,Finished,Corynebacterium pseudotuberculosis KM01 genome sequencing,Corynebacterium pseudotuberculosis KM01,Yunnan University,2874820625,Actinobacteria,Actinomycetia,Corynebacteriales,Corynebacteriaceae,Corynebacterium,Corynebacterium pseudotuberculosis,IMG Annotation Pipeline v.5.0.15,234512,Ga0258471,Gp0301022,Gs0133712,2020-06-03,,,Yes,,Yes,1719,,,2020-06-03,,2337666,2215,,,,
Bacteria,Finished,Corynebacterium pseudotuberculosis CAP3W genome sequencing,Corynebacterium pseudotuberculosis CAP3W,UFMG,2874822841,Actinobacteria,Actinomycetia,Corynebacteriales,Corynebacteriaceae,Corynebacterium,Corynebacterium pseudotuberculosis,IMG Annotation Pipeline v.5.0.15,234513,Ga0272036,Gp0307768,Gs0134390,2020-06-03,,,Yes,,Yes,1719,,,2020-06-03,,2337498,2207,,,,
Bacteria,Finished,Corynebacterium diphtheriae lausannense CMCNS703 genome sequencing,Corynebacterium diphtheriae lausannense CMCNS703,Christian Medical College,2874825049,Actinobacteria,Actinomycetia,Corynebacteriales,Corynebacteriaceae,Corynebacterium,Corynebacterium diphtheriae,IMG Annotation Pipeline v.5.0.15,234514,Ga0400184,Gp0443012,Gs0143436,2020-06-03,,,Yes,,Yes,2315254,,,2020-06-03,,2892379,3217,,,,
Bacteria,Finished,Genome sequencing of bacterial type strains from NCTC culture collection,Corynebacterium ulcerans NCTC 7908,Wellcome Trust Sanger Institute,2874828267,Actinobacteria,Actinomycetia,Corynebacteriales,Corynebacteriaceae,Corynebacterium,Corynebacterium ulcerans,IMG Annotation Pipeline v.5.0.15,234515,Ga0316536,Gp0341931,Gs0118250,2020-06-03,,,Yes,,Yes,65058,,,2020-06-03,,2453674,2280,,,,
Bacteria,Finished,Corynebacterium pseudotuberculosis OVI2C genome sequencing,Corynebacterium pseudotuberculosis OVI2C,UFMG,2874830548,Actinobacteria,Actinomycetia,Corynebacteriales,Corynebacteriaceae,Corynebacterium,Corynebacterium pseudotuberculosis,IMG Annotation Pipeline v.5.0.15,234516,Ga0272269,Gp0307765,Gs0134387,2020-06-03,,,Yes,,Yes,1719,,,2020-06-03,,2337575,2211,,,,
Bacteria,Finished,Corynebacterium pseudotuberculosis CAPJ4 genome sequencing,Corynebacterium pseudotuberculosis CAPJ4,UFMG,2874832760,Actinobacteria,Actinomycetia,Corynebacteriales,Corynebacteriaceae,Corynebacterium,Corynebacterium pseudotuberculosis,IMG Annotation Pipeline v.5.0.15,234517,Ga0272228,Gp0307767,Gs0134389,2020-06-03,,,Yes,,Yes,1719,,,2020-06-03,,2337549,2207,,,,
Bacteria,Finished,Corynebacterium glutamicum Genome sequencing and assembly,Corynebacterium glutamicum ATCC 13032,The Catholic University of Korea,2874834968,Actinobacteria,Actinomycetia,Corynebacteriales,Corynebacteriaceae,Corynebacterium,Corynebacterium glutamicum,IMG Annotation Pipeline v.5.0.15,234518,Ga0264151,Gp0303084,Gs0134185,2020-06-03,,,Yes,,Yes,1718,,,2020-06-03,,3345724,3245,,,,
Bacteria,Finished,Genome sequencing of Corynebacterium glutamicum C1,Corynebacterium glutamicum C1,Bielefeld University,2874838214,Actinobacteria,Actinomycetia,Corynebacteriales,Corynebacteriaceae,Corynebacterium,Corynebacterium glutamicum,IMG Annotation Pipeline v.5.0.15,234519,Ga0226324,Gp0260505,Gs0132448,2020-06-03,,,Yes,,Yes,1718,,,2020-06-03,,2843369,2728,,,,
Bacteria,Finished,Corynebacterium pseudotuberculosis 38MAT genome sequencing,Corynebacterium pseudotuberculosis 38MAT,UFMG,2877184255,Actinobacteria,Actinomycetia,Corynebacteriales,Corynebacteriaceae,Corynebacterium,Corynebacterium pseudotuberculosis,IMG Annotation Pipeline v.5.0.15,235252,Ga0399594,Gp0444292,Gs0144187,2020-06-17,,,Yes,,Yes,1719,,,2020-06-17,,2338134,2220,,,,
Bacteria,Finished,Corynebacterium pseudotuberculosis Genome sequencing,Corynebacterium pseudotuberculosis MB278,Federal University of Para,2877186476,Actinobacteria,Actinomycetia,Corynebacteriales,Corynebacteriaceae,Corynebacterium,Corynebacterium pseudotuberculosis,IMG Annotation Pipeline v.5.0.15,235253,Ga0302402,Gp0315712,Gs0118227,2020-06-17,,,Yes,,Yes,1719,,,2020-06-17,,2369898,2230,,,,
Bacteria,Finished,Draft Genome Sequence of Corynebacterium pseudotuberculosis strain PA06,Corynebacterium pseudotuberculosis PA06,Federal University of Para,2877188707,Actinobacteria,Actinomycetia,Corynebacteriales,Corynebacteriaceae,Corynebacterium,Corynebacterium pseudotuberculosis,IMG Annotation Pipeline v.5.0.15,235254,Ga0198312,Gp0223050,Gs0130154,2020-06-17,,,Yes,,Yes,1719,,,2020-06-17,,2320434,2312,,,,
Bacteria,Finished,Genome sequencing of bacterial type strains from NCTC culture collection,Corynebacterium jeikeium NCTC 11914,Wellcome Trust Sanger Institute,2877191020,Actinobacteria,Actinomycetia,Corynebacteriales,Corynebacteriaceae,Corynebacterium,Corynebacterium jeikeium,IMG Annotation Pipeline v.5.0.15,235255,Ga0316543,Gp0341972,Gs0118250,2020-06-17,,,Yes,,Yes,38289,,,2020-06-17,,2414649,2157,,,,
Bacteria,Finished,Corynebacterium pseudotuberculosis CR07 genome sequencing,Corynebacterium pseudotuberculosis CR07,UFMG,2877193178,Actinobacteria,Actinomycetia,Corynebacteriales,Corynebacteriaceae,Corynebacterium,Corynebacterium pseudotuberculosis,IMG Annotation Pipeline v.5.0.15,235256,Ga0398709,Gp0444013,Gs0143975,2020-06-17,,,Yes,,Yes,1719,,,2020-06-17,,2337589,2211,,,,
Bacteria,Finished,Corynebacterium diphtheriae FRC0043 genome sequencing,Corynebacterium diphtheriae FRC0190,Institut Pasteur, Paris, France,2888667245,Actinobacteria,Actinomycetia,Corynebacteriales,Corynebacteriaceae,Corynebacterium,Corynebacterium diphtheriae,IMG Annotation Pipeline v.5.0.19,238848,Ga0443095,Gp0497298,Gs0137380,2020-09-08,,,Yes,,Yes,1717,,,2020-09-08,,2451019,2487,,
Bacteria,Finished,Whole genome sequencing of Pseudomonas species from the Culture Collection University of Gothenburg (CCUG),Corynebacterium sanguinis CCUG 58655,University of Gothenburg - CCUG,2888669733,Actinobacteria,Actinomycetia,Corynebacteriales,Corynebacteriaceae,Corynebacterium,Corynebacterium sanguinis,IMG Annotation Pipeline v.5.0.19,238849,Ga0443038,Gp0497109,Gs0118909,2020-09-08,,,Yes,,Yes,2594913,,,2020-09-08,,2362885,2351,,,,
Bacteria,Finished,Corynebacterium sp. LMM-1652 genome sequencing,Corynebacterium sp. LMM-1652,Bielefeld University,2888672085,Actinobacteria,Actinomycetia,Corynebacteriales,Corynebacteriaceae,Corynebacterium,Corynebacterium sp. LMM-1652,IMG Annotation Pipeline v.5.0.19,238850,Ga0443000,Gp0495133,Gs0148183,2020-09-08,,,Yes,,Yes,2487892,,,2020-09-08,,2351892,2141,,,,
Bacteria,Finished,Corynebacterium sp. sy039 genome sequencing,Corynebacterium sp. sy039,Chinese Center for Disease Control and Prevention,2888674227,Actinobacteria,Actinomycetia,Corynebacteriales,Corynebacteriaceae,Corynebacterium,Corynebacterium sp. sy039,IMG Annotation Pipeline v.5.0.19,238851,Ga0443262,Gp0495503,Gs0148402,2020-09-08,,,Yes,,Yes,2599641,,,2020-09-08,,2236339,2097,,,,
Bacteria,Finished,Genome Sequencing of Corynebacterium sp. 4H37-19,Corynebacterium sp. 4H37-19,Chinese Center for Disease Control and Prevention (China CDC),2912290292,Actinobacteria,Actinomycetia,Corynebacteriales,Corynebacteriaceae,Corynebacterium,Corynebacterium sp. 4H37-19,IMG Annotation Pipeline v.5.0.20,246152,Ga0480060,Gp0538431,Gs0151466,2021-01-04,,,Yes,,Yes,2684405,,,2021-01-04,,2617997,2564,,,,
Bacteria,Finished,Genome Sequencing of Corynebacterium sp. NML93-0612,Corynebacterium sp. NML93-0612,National Microbiology Laboratory, Public Health Agency of Canada,2912292857,Actinobacteria,Actinomycetia,Corynebacteriales,Corynebacteriaceae,Corynebacterium,Corynebacterium sp. NML93-0612,IMG Annotation Pipeline v.5.0.20,246153,Ga0480026,Gp0538488,Gs0151488,2021-01-04,,,Yes,,Yes,699041,,,2021-01-04,,2682044,2681,,,
Bacteria,Finished,Genome Sequencing of Corynebacterium sp. zg-320,Corynebacterium sp. zg-320,Chinese Center for Disease Control and Prevention (China CDC),2912295539,Actinobacteria,Actinomycetia,Corynebacteriales,Corynebacteriaceae,Corynebacterium,Corynebacterium sp. zg-320,IMG Annotation Pipeline v.5.0.20,246154,Ga0480070,Gp0537510,Gs0151211,2021-01-04,,,Yes,,Yes,2768834,,,2021-01-04,,2206897,2021,,,,
Bacteria,Finished,Genome Sequencing of Corynebacterium sp. zg-917,Corynebacterium sp. zg-917,Chinese Center for Disease Control and Prevention (China CDC),2912297561,Actinobacteria,Actinomycetia,Corynebacteriales,Corynebacteriaceae,Corynebacterium,Corynebacterium sp. zg-917,IMG Annotation Pipeline v.5.0.20,246155,Ga0479991,Gp0537509,Gs0151210,2021-01-04,,,Yes,,Yes,2763010,,,2021-01-04,,2338496,2320,,,,
Bacteria,Finished,Genome Sequencing of Corynebacterium sp. 23H37-10,Corynebacterium sp. 23H37-10,Chinese Center for Disease Control and Prevention (China CDC),2912299882,Actinobacteria,Actinomycetia,Corynebacteriales,Corynebacteriaceae,Corynebacterium,Corynebacterium anserum,IMG Annotation Pipeline v.5.0.20,246156,Ga0480066,Gp0538429,Gs0151464,2021-01-04,,,Yes,,Yes,2684406,,,2021-01-04,,2208656,1964,,,,
